USE srichenb_cs355fa22;

-- Insertion -------------------------------------------------------------------
DELETE FROM CD_Personnel;
DELETE FROM CD_Artist;
DELETE FROM `File`;
DELETE FROM Track;
DELETE FROM CD;
DELETE FROM Artist;

INSERT INTO Artist VALUES ('King Gizzard & the Lizard Wizard', 'AU');
INSERT INTO Artist VALUES ('The Mars Volta', 'US');
INSERT INTO Artist VALUES ('Red Hot Chili Peppers', 'US');
INSERT INTO Artist VALUES ('Glass Animals', 'UK');
INSERT INTO Artist VALUES ('Hiatus Kaiyote', 'AU');
INSERT INTO Artist VALUES ('Tycho', 'US');
INSERT INTO Artist VALUES ('Saint Sinner', 'US');
INSERT INTO Artist VALUES ('Casino Versus Japan', NULL);
INSERT INTO Artist VALUES ('Luis Lancaster', NULL);
INSERT INTO Artist VALUES ('Nate Mercereau', NULL);
INSERT INTO Artist VALUES ('Craft Spells', NULL);
INSERT INTO Artist VALUES ('Panama', NULL);
INSERT INTO Artist VALUES ('Muddy Monk', NULL);
INSERT INTO Artist VALUES ('Schneider TM', NULL);
INSERT INTO Artist VALUES ('Little Dragon', NULL);
INSERT INTO Artist VALUES ('Luke Abbott', NULL);
INSERT INTO Artist VALUES ('Weval', NULL);
INSERT INTO Artist VALUES ('Tourist', NULL);
INSERT INTO Artist VALUES ('Ulrich Schnauss', NULL);
INSERT INTO Artist VALUES ('Slowdive', NULL);
INSERT INTO Artist VALUES ('Octo Octa', NULL);

-- Butterfly 3000
INSERT INTO CD (Title, `Year`, `Location`) VALUES ('Butterfly 3000', 2021, 'Home CD Library');
SET @current_album = LAST_INSERT_ID();
INSERT INTO CD_Artist VALUES (@current_album, 'King Gizzard & The Lizard Wizard');
INSERT INTO Track (Title, CD_ID, Length) VALUES ('Yours', @current_album, '00:04:35');
INSERT INTO Track (Title, CD_ID, Length) VALUES ('Shanghai', @current_album, '00:04:00');
INSERT INTO Track (Title, CD_ID, Length) VALUES ('Dreams', @current_album, '00:04:04');
INSERT INTO Track (Title, CD_ID, Length) VALUES ('Blue Morpho', @current_album, '00:03:50');
INSERT INTO Track (Title, CD_ID, Length) VALUES ('Interior People', @current_album, '00:05:15');
INSERT INTO Track (Title, CD_ID, Length) VALUES ('Catching Smoke', @current_album, '00:06:28');
INSERT INTO Track (Title, CD_ID, Length) VALUES ('2.02 Killer Year', @current_album, '00:03:19');
INSERT INTO Track (Title, CD_ID, Length) VALUES ('Black Hot Soup', @current_album, '00:05:12');
INSERT INTO Track (Title, CD_ID, Length) VALUES ('Ya Love', @current_album, '00:04:15');
INSERT INTO Track (Title, CD_ID, Length) VALUES ('Butterfly 3000', @current_album, '00:02:51');
INSERT INTO `File` VALUES ('0xcdd0172355b0e04aa362a905deef3eb9', 'Yours', @current_album, 'FLAC', 249426925, '~/home/srichenberg/Music/King Gizzard & The Lizard Wizard/Butterfly 3000/Yours', False);
INSERT INTO `File` VALUES ('0x9b6dbd51aabe18101df1b92dfd8a3139', 'Shanghai', @current_album, 'FLAC', 219612000, '~/home/srichenberg/Music/King Gizzard & The Lizard Wizard/Butterfly 3000/Shanghai', False);
INSERT INTO `File` VALUES ('0xe1e74dc289118c164c8047d15c8d4a35', 'Dreams', @current_album, 'FLAC', 251731384, '~/home/srichenberg/Music/King Gizzard & The Lizard Wizard/Butterfly 3000/Dreams', False);
INSERT INTO `File` VALUES ('0xb9c38aca33517bb514578b149d58c62d', 'Blue Morpho', @current_album, 'FLAC', 234039720, '~/home/srichenberg/Music/King Gizzard & The Lizard Wizard/Butterfly 3000/Blue Morpho', False);
INSERT INTO `File` VALUES ('0x10590df4cbaa7c265eb38caa3f01af4b', 'Interior People', @current_album, 'FLAC', 375583320, '~/home/srichenberg/Music/King Gizzard & The Lizard Wizard/Butterfly 3000/Interior People', False);
INSERT INTO `File` VALUES ('0x628bce63ef2bd598bd5c266f2ff710be', 'Catching Smoke', @current_album, 'FLAC', 403506420, '~/home/srichenberg/Music/King Gizzard & The Lizard Wizard/Butterfly 3000/Catching Smoke', False);
INSERT INTO `File` VALUES ('0x574adf912b5089177355775b41488f61', '2.02 Killer Year', @current_album, 'FLAC', 231562768, '~/home/srichenberg/Music/King Gizzard & The Lizard Wizard/Butterfly 3000/2.02 Killer Year', False);
INSERT INTO `File` VALUES ('0x6663f57b744cb2ca32c7a7849e2ebb4d', 'Black Hot Soup', @current_album, 'FLAC', 299262600, '~/home/srichenberg/Music/King Gizzard & The Lizard Wizard/Butterfly 3000/Black Hot Soup', False);
INSERT INTO `File` VALUES ('0xb79643337bf67cc9d836d6a13c080b0b', 'Ya Love', @current_album, 'FLAC', 252021600, '~/home/srichenberg/Music/King Gizzard & The Lizard Wizard/Butterfly 3000/Ya Love', False);
INSERT INTO `File` VALUES ('0x79799ccab96937fe8680e9b5a899b815', 'Butterfly 3000', @current_album, 'FLAC', 172134585, '~/home/srichenberg/Music/King Gizzard & The Lizard Wizard/Butterfly 3000/Butterfly 3000', False);
INSERT INTO CD_Personnel VALUES (@current_album, 'Joey Walker');
INSERT INTO CD_Personnel VALUES (@current_album, 'Cook Craig');
INSERT INTO CD_Personnel VALUES (@current_album, 'Michael Cavanagh');
INSERT INTO CD_Personnel VALUES (@current_album, 'Stu Mackenzie');
INSERT INTO CD_Personnel VALUES (@current_album, 'Jason Galea');
INSERT INTO CD_Personnel VALUES (@current_album, 'Joseph Carra');
INSERT INTO CD_Personnel VALUES (@current_album, 'Ambrose Kenny-Smith');

-- K.G.
INSERT INTO CD (Title, `Year`, `Location`) VALUES ('K.G.', 2020, 'Petaluma Public Library');
SET @current_album = LAST_INSERT_ID();
INSERT INTO CD_Artist VALUES (@current_album, 'King Gizzard & The Lizard Wizard');
INSERT INTO Track (Title, CD_ID, Length) VALUES ('K.G.L.W.', @current_album, '00:01:36');
INSERT INTO Track (Title, CD_ID, Length) VALUES ('Automation', @current_album, '00:03:29');
INSERT INTO Track (Title, CD_ID, Length) VALUES ('Minimum Brain Size', @current_album, '00:04:18');
INSERT INTO Track (Title, CD_ID, Length) VALUES ('Straws in the Wind', @current_album, '00:05:41');
INSERT INTO Track (Title, CD_ID, Length) VALUES ('Some of Us', @current_album, '00:03:52');
INSERT INTO Track (Title, CD_ID, Length) VALUES ('Ontology', @current_album, '00:03:58');
INSERT INTO Track (Title, CD_ID, Length) VALUES ('Intrasport', @current_album, '00:04:12');
INSERT INTO Track (Title, CD_ID, Length) VALUES ('Oddlife', @current_album, '00:04:57');
INSERT INTO Track (Title, CD_ID, Length) VALUES ('Honey', @current_album, '00:04:33');
INSERT INTO Track (Title, CD_ID, Length) VALUES ('The Hungry Wolf of Fate', @current_album, '00:05:10');
INSERT INTO `File` VALUES ('0x9fe621f30709bb95cfd19a5585bb41ee', 'K.G.L.W.', @current_album, 'OGG', 29952000, '~/home/srichenberg/Music/King Gizzard & The Lizard Wizard/K.G./K.G.L.W.', True);
INSERT INTO `File` VALUES ('0x3a3c4d2bb33aa73b69dfc756549d51ab', 'Automation', @current_album, 'OGG', 65208000, '~/home/srichenberg/Music/King Gizzard & The Lizard Wizard/K.G./Automation', True);
INSERT INTO `File` VALUES ('0x0fd282369c3a2c7aa4d19a3eb6141eaa', 'Minimum Brain Size', @current_album, 'OGG', 80496000, '~/home/srichenberg/Music/King Gizzard & The Lizard Wizard/K.G./Minimum Brain Size', True);
INSERT INTO `File` VALUES ('0x71a9a2c067b7d1c90e77a1355d9d5b86', 'Straws in the Wind', @current_album, 'OGG', 106392000, '~/home/srichenberg/Music/King Gizzard & The Lizard Wizard/K.G./Straws in the Wind', True);
INSERT INTO `File` VALUES ('0x5b8fef58c6666fdc152d1cf534f11ac1', 'Some of Us', @current_album, 'OGG', 72384000, '~/home/srichenberg/Music/King Gizzard & The Lizard Wizard/K.G./Some of Us', True);
INSERT INTO `File` VALUES ('0xb9b851c8b8843cc1b4ac8ba4e78490bb', 'Ontology', @current_album, 'OGG', 74256000, '~/home/srichenberg/Music/King Gizzard & The Lizard Wizard/K.G./Ontology', True);
INSERT INTO `File` VALUES ('0xc4509d7863b0182708f1b739e899690c', 'Intrasport', @current_album, 'OGG', 78624000, '~/home/srichenberg/Music/King Gizzard & The Lizard Wizard/K.G./Intrasport', True);
INSERT INTO `File` VALUES ('0xde5281f59b8478c0b435796ca643567b', 'Oddlife', @current_album, 'OGG', 92664000, '~/home/srichenberg/Music/King Gizzard & The Lizard Wizard/K.G./Oddlife', True);
INSERT INTO `File` VALUES ('0x6531ccd99bd18e46f30719976a91963d', 'Honey', @current_album, 'OGG', 85176000, '~/home/srichenberg/Music/King Gizzard & The Lizard Wizard/K.G./Honey', True);
INSERT INTO `File` VALUES ('0xec063af33a085d49acbc8b2e92e599eb', 'The Hungry Wolf of Fate', @current_album, 'OGG', 96720000, '~/home/srichenberg/Music/King Gizzard & The Lizard Wizard/K.G./The Hungry Wolf of Fate', True);
INSERT INTO CD_Personnel VALUES (@current_album, 'Stu Mackenzie');
INSERT INTO CD_Personnel VALUES (@current_album, 'Cook Craig');
INSERT INTO CD_Personnel VALUES (@current_album, 'Lucas Harwood');
INSERT INTO CD_Personnel VALUES (@current_album, 'Bella Walker');
INSERT INTO CD_Personnel VALUES (@current_album, 'Ambrose Kenny-Smith');
INSERT INTO CD_Personnel VALUES (@current_album, 'Michael Cavanagh');
INSERT INTO CD_Personnel VALUES (@current_album, 'Jason Galea');
INSERT INTO CD_Personnel VALUES (@current_album, 'Joseph Carra');
INSERT INTO CD_Personnel VALUES (@current_album, 'Joey Walker');

-- L.W.
INSERT INTO CD (Title, `Year`, `Location`) VALUES ('L.W.', 2021, 'Petaluma Public Library');
SET @current_album = LAST_INSERT_ID();
INSERT INTO CD_Artist VALUES (@current_album, 'King Gizzard & The Lizard Wizard');
INSERT INTO Track (Title, CD_ID, Length) VALUES ('If Not Now, Then When?', @current_album, '00:03:50');
INSERT INTO Track (Title, CD_ID, Length) VALUES ('O.N.E.', @current_album, '00:03:40');
INSERT INTO Track (Title, CD_ID, Length) VALUES ('Pleura', @current_album, '00:04:11');
INSERT INTO Track (Title, CD_ID, Length) VALUES ('Supreme Ascendancy', @current_album, '00:03:39');
INSERT INTO Track (Title, CD_ID, Length) VALUES ('Static Electricity', @current_album, '00:05:49');
INSERT INTO Track (Title, CD_ID, Length) VALUES ('East West Link', @current_album, '00:03:08');
INSERT INTO Track (Title, CD_ID, Length) VALUES ('Ataraxia', @current_album, '00:05:17');
INSERT INTO Track (Title, CD_ID, Length) VALUES ('See Me', @current_album, '00:04:04');
INSERT INTO Track (Title, CD_ID, Length) VALUES ('K.G.L.W.', @current_album, '00:08:28');
INSERT INTO `File` VALUES ('0x9e235b953dea30211491c3f61d48331a', 'If Not Now, Then When?', @current_album, 'OGG', 69920000, '~/home/srichenberg/Music/King Gizzard & The Lizard Wizard/L.W./If Not Now, Then When?', True);
INSERT INTO `File` VALUES ('0xd9c4f5e20114d37e3a55ea40293a1500', 'O.N.E.', @current_album, 'OGG', 66880000, '~/home/srichenberg/Music/King Gizzard & The Lizard Wizard/L.W./O.N.E.', True);
INSERT INTO `File` VALUES ('0xb03eef9b47914e11963928d4bc645731', 'Pleura', @current_album, 'OGG', 76304000, '~/home/srichenberg/Music/King Gizzard & The Lizard Wizard/L.W./Pleura', True);
INSERT INTO `File` VALUES ('0x5d9bcfd7778e8fe7c8af3c268179f67e', 'Supreme Ascendancy', @current_album, 'OGG', 66576000, '~/home/srichenberg/Music/King Gizzard & The Lizard Wizard/L.W./Supreme Ascendancy', True);
INSERT INTO `File` VALUES ('0x7253e48bb9f8906bd84c8d8a8ecaabbc', 'Static Electricity', @current_album, 'OGG', 106096000, '~/home/srichenberg/Music/King Gizzard & The Lizard Wizard/L.W./Static Electricity', True);
INSERT INTO `File` VALUES ('0xd019857847ec84ac00e3b4f1119e3371', 'East West Link', @current_album, 'OGG', 57152000, '~/home/srichenberg/Music/King Gizzard & The Lizard Wizard/L.W./East West Link', True);
INSERT INTO `File` VALUES ('0x675a43063ae879715fe14d6d8677b4b0', 'Ataraxia', @current_album, 'OGG', 96368000, '~/home/srichenberg/Music/King Gizzard & The Lizard Wizard/L.W./Ataraxia', True);
INSERT INTO `File` VALUES ('0x5f95a0525e85fc905f4320091610b22b', 'See Me', @current_album, 'OGG', 74176000, '~/home/srichenberg/Music/King Gizzard & The Lizard Wizard/L.W./See Me', True);
INSERT INTO `File` VALUES ('0x9fe621f30709bb95cfd19a5585bb41ee', 'K.G.L.W.', @current_album, 'OGG', 154432000, '~/home/srichenberg/Music/King Gizzard & The Lizard Wizard/L.W./K.G.L.W.', True);
INSERT INTO CD_Personnel VALUES (@current_album, 'Joseph Carra');
INSERT INTO CD_Personnel VALUES (@current_album, 'Cook Craig');
INSERT INTO CD_Personnel VALUES (@current_album, 'Lucas Harwood');
INSERT INTO CD_Personnel VALUES (@current_album, 'Michael Cavanagh');
INSERT INTO CD_Personnel VALUES (@current_album, 'Joey Walker');
INSERT INTO CD_Personnel VALUES (@current_album, 'Jason Galea');
INSERT INTO CD_Personnel VALUES (@current_album, 'Stu Mackenzie');
INSERT INTO CD_Personnel VALUES (@current_album, 'Ambrose Kenny-Smith');

-- De-Loused
INSERT INTO CD (Title, `Year`, `Location`) VALUES ('De-Loused in the Comatorium', 2003, 'Home CD Library');
SET @current_album = LAST_INSERT_ID();
INSERT INTO CD_Artist VALUES (@current_album, 'The Mars Volta');
INSERT INTO Track (Title, CD_ID, Length) VALUES ('Son et lumière', @current_album, '00:01:35');
INSERT INTO Track (Title, CD_ID, Length) VALUES ('Inertiatic ESP', @current_album, '00:04:23');
INSERT INTO Track (Title, CD_ID, Length) VALUES ('Roulette Dares (The Haunt Of)', @current_album, '00:07:30');
INSERT INTO Track (Title, CD_ID, Length) VALUES ('Tira me a las arañas', @current_album, '00:01:28');
INSERT INTO Track (Title, CD_ID, Length) VALUES ('Drunkship of Lanterns', @current_album, '00:07:05');
INSERT INTO Track (Title, CD_ID, Length) VALUES ('Eriatarka', @current_album, '00:06:20');
INSERT INTO Track (Title, CD_ID, Length) VALUES ('Cicatriz ESP', @current_album, '00:12:28');
INSERT INTO Track (Title, CD_ID, Length) VALUES ('This Apparatus Must Be Unearthed', @current_album, '00:04:57');
INSERT INTO Track (Title, CD_ID, Length) VALUES ('Televators', @current_album, '00:06:18');
INSERT INTO Track (Title, CD_ID, Length) VALUES ('Take the Veil Cerpin Taxt', @current_album, '00:08:41');
INSERT INTO `File` VALUES ('0x1359b25487926435b263fa79036c7d89', 'Son et lumière', @current_album, 'WAV', 134064000, '~/home/srichenberg/Music/The Mars Volta/De-Loused in the Comatorium/Son et lumière', False);
INSERT INTO `File` VALUES ('0xbd91b1ed2dc83caf7b442d85a4cd430c', 'Inertiatic ESP', @current_album, 'WAV', 371145600, '~/home/srichenberg/Music/The Mars Volta/De-Loused in the Comatorium/Inertiatic ESP', False);
INSERT INTO `File` VALUES ('0xe515e4bb9ae035483d197babe47b8d15', 'Roulette Dares (The Haunt Of)', @current_album, 'WAV', 635040000, '~/home/srichenberg/Music/The Mars Volta/De-Loused in the Comatorium/Roulette Dares (The Haunt Of)', False);
INSERT INTO `File` VALUES ('0x78190e3fd161886d2a844a0a66e45162', 'Tira me a las arañas', @current_album, 'WAV', 124185600, '~/home/srichenberg/Music/The Mars Volta/De-Loused in the Comatorium/Tira me a las arañas', False);
INSERT INTO `File` VALUES ('0xa9413bbc05dd1edfd95c270228cf605e', 'Drunkship of Lanterns', @current_album, 'WAV', 599760000, '~/home/srichenberg/Music/The Mars Volta/De-Loused in the Comatorium/Drunkship of Lanterns', False);
INSERT INTO `File` VALUES ('0xf15d0784f61e1effff4ee63ea3f712dc', 'Eriatarka', @current_album, 'WAV', 536256000, '~/home/srichenberg/Music/The Mars Volta/De-Loused in the Comatorium/Eriatarka', False);
INSERT INTO `File` VALUES ('0xb5f4fed99274904bcc0b0df114af0e04', 'Cicatriz ESP', @current_album, 'WAV', 1055577600, '~/home/srichenberg/Music/The Mars Volta/De-Loused in the Comatorium/Cicatriz ESP', False);
INSERT INTO `File` VALUES ('0x95556c0f84a3b78190fd0e56221cf00c', 'This Apparatus Must Be Unearthed', @current_album, 'WAV', 419126400, '~/home/srichenberg/Music/The Mars Volta/De-Loused in the Comatorium/This Apparatus Must Be Unearthed', False);
INSERT INTO `File` VALUES ('0xed83ffe374d4679b5987f75d1a19d98b', 'Televators', @current_album, 'WAV', 533433600, '~/home/srichenberg/Music/The Mars Volta/De-Loused in the Comatorium/Televators', False);
INSERT INTO `File` VALUES ('0x588540df17c4ed81d0b8dbf4ee51c9fb', 'Take the Veil Cerpin Taxt', @current_album, 'WAV', 735235200, '~/home/srichenberg/Music/The Mars Volta/De-Loused in the Comatorium/Take the Veil Cerpin Taxt', False);
INSERT INTO CD_Personnel VALUES (@current_album, 'Isaiah "Ikey" Owens');
INSERT INTO CD_Personnel VALUES (@current_album, 'Jeremy Ward');
INSERT INTO CD_Personnel VALUES (@current_album, 'Jason Lader');
INSERT INTO CD_Personnel VALUES (@current_album, 'Pete Lyman');
INSERT INTO CD_Personnel VALUES (@current_album, 'Cedric Bixler-Zavala');
INSERT INTO CD_Personnel VALUES (@current_album, 'Steve Kadison');
INSERT INTO CD_Personnel VALUES (@current_album, 'Vlado Meller');
INSERT INTO CD_Personnel VALUES (@current_album, 'Peter Curzon');
INSERT INTO CD_Personnel VALUES (@current_album, 'Justin Meldal-Johnsen');
INSERT INTO CD_Personnel VALUES (@current_album, 'Lindsay Chase');
INSERT INTO CD_Personnel VALUES (@current_album, 'Darren Mora');
INSERT INTO CD_Personnel VALUES (@current_album, 'Lenny Castro');
INSERT INTO CD_Personnel VALUES (@current_album, 'Andrew Scheps');
INSERT INTO CD_Personnel VALUES (@current_album, 'Rupert Truman');
INSERT INTO CD_Personnel VALUES (@current_album, 'Rich Costey');
INSERT INTO CD_Personnel VALUES (@current_album, 'Flea');
INSERT INTO CD_Personnel VALUES (@current_album, 'Phillip Groussard');
INSERT INTO CD_Personnel VALUES (@current_album, 'John Frusciante');
INSERT INTO CD_Personnel VALUES (@current_album, 'Dave Schiffman');
INSERT INTO CD_Personnel VALUES (@current_album, 'Rick Rubin');
INSERT INTO CD_Personnel VALUES (@current_album, 'Storm Thorgerson');
INSERT INTO CD_Personnel VALUES (@current_album, 'Dan Abbott');
INSERT INTO CD_Personnel VALUES (@current_album, 'Jon Theodore');
INSERT INTO CD_Personnel VALUES (@current_album, 'Omar Rodríguez-López');

-- Amputecture
INSERT INTO CD (Title, `Year`, `Location`) VALUES ('Amputechture', 2006, 'Petaluma Public Library');
SET @current_album = LAST_INSERT_ID();
INSERT INTO CD_Artist VALUES (@current_album, 'The Mars Volta');
INSERT INTO Track (Title, CD_ID, Length) VALUES ('Vicarious Atonement', @current_album, '00:07:21');
INSERT INTO Track (Title, CD_ID, Length) VALUES ('Tetragrammaton', @current_album, '00:16:43');
INSERT INTO Track (Title, CD_ID, Length) VALUES ('Vermicide', @current_album, '00:04:17');
INSERT INTO Track (Title, CD_ID, Length) VALUES ('Meccamputechture', @current_album, '00:11:04');
INSERT INTO Track (Title, CD_ID, Length) VALUES ('Asilos Magdalena', @current_album, '00:06:36');
INSERT INTO Track (Title, CD_ID, Length) VALUES ('Viscera Eyes', @current_album, '00:09:25');
INSERT INTO Track (Title, CD_ID, Length) VALUES ('Day of the Baphomets', @current_album, '00:11:58');
INSERT INTO Track (Title, CD_ID, Length) VALUES ('El Ciervo Vulnerado', @current_album, '00:08:59');
INSERT INTO CD_Personnel VALUES (@current_album, 'Isaiah "Ikey" Owens');
INSERT INTO CD_Personnel VALUES (@current_album, 'Robert Carranza');
INSERT INTO CD_Personnel VALUES (@current_album, 'Juan Alderete');
INSERT INTO CD_Personnel VALUES (@current_album, 'Paul Hinojos');
INSERT INTO CD_Personnel VALUES (@current_album, 'Adrián Terrazas-González');
INSERT INTO CD_Personnel VALUES (@current_album, 'Marcel Rodriguez-Lopez');
INSERT INTO CD_Personnel VALUES (@current_album, 'John Frusciante');
INSERT INTO CD_Personnel VALUES (@current_album, 'Jonathon Debaun');
INSERT INTO CD_Personnel VALUES (@current_album, 'Jeff Jordan');
INSERT INTO CD_Personnel VALUES (@current_album, 'Sonny Kay');
INSERT INTO CD_Personnel VALUES (@current_album, 'Vlado Meller');
INSERT INTO CD_Personnel VALUES (@current_album, 'Paul Fig');
INSERT INTO CD_Personnel VALUES (@current_album, 'Rich Costey');
INSERT INTO CD_Personnel VALUES (@current_album, 'Jon Theodore');
INSERT INTO CD_Personnel VALUES (@current_album, 'Sara Christina Gross');
INSERT INTO CD_Personnel VALUES (@current_album, 'Pablo Arraya');
INSERT INTO CD_Personnel VALUES (@current_album, 'Omar Rodríguez-López');
INSERT INTO CD_Personnel VALUES (@current_album, 'Cedric Bixler-Zavala');

-- MV Self Titled
INSERT INTO CD (Title, `Year`, `Location`) VALUES ('The Mars Volta', 2022, 'Home CD Library');
SET @current_album = LAST_INSERT_ID();
INSERT INTO CD_Artist VALUES (@current_album, 'The Mars Volta');
INSERT INTO Track (Title, CD_ID, Length) VALUES ('Blacklight Shine', @current_album, '00:02:55');
INSERT INTO Track (Title, CD_ID, Length) VALUES ('Graveyard Love', @current_album, '00:03:14');
INSERT INTO Track (Title, CD_ID, Length) VALUES ('Shore Story', @current_album, '00:03:15');
INSERT INTO Track (Title, CD_ID, Length) VALUES ('Blank Condolences', @current_album, '00:03:27');
INSERT INTO Track (Title, CD_ID, Length) VALUES ('Vigil', @current_album, '00:03:14');
INSERT INTO Track (Title, CD_ID, Length) VALUES ('Que dios te maldiga mi corazón', @current_album, '00:01:41');
INSERT INTO Track (Title, CD_ID, Length) VALUES ('Cerulea', @current_album, '00:03:45');
INSERT INTO Track (Title, CD_ID, Length) VALUES ('Flash Burns From Flashbacks', @current_album, '00:02:38');
INSERT INTO Track (Title, CD_ID, Length) VALUES ('Palm Full of Crux', @current_album, '00:03:37');
INSERT INTO Track (Title, CD_ID, Length) VALUES ('No Case Gain', @current_album, '00:02:41');
INSERT INTO Track (Title, CD_ID, Length) VALUES ('Tourmaline', @current_album, '00:03:34');
INSERT INTO Track (Title, CD_ID, Length) VALUES ('Equus 3', @current_album, '00:04:09');
INSERT INTO Track (Title, CD_ID, Length) VALUES ('Collapsible Shoulders', @current_album, '00:02:24');
INSERT INTO Track (Title, CD_ID, Length) VALUES ('The Requisition', @current_album, '00:04:12');
INSERT INTO `File` VALUES ('0x2117a3390ba30eb00c623266650bd492', 'Blacklight Shine', @current_album, 'FLAC', 202487425, '~/home/srichenberg/Music/The Mars Volta/The Mars Volta/Blacklight Shine', False);
INSERT INTO `File` VALUES ('0xab2b4e28f15cec4c2898464f68d22925', 'Blacklight Shine', @current_album, 'OGG', 53200000, '/storage/emulated/0/Music/The Mars Volta/The Mars Volta/Blacklight Shine', True);
INSERT INTO `File` VALUES ('0xd16d77f2c0b884b8aa7800111dfa1951', 'Graveyard Love', @current_album, 'FLAC', 221599604, '~/home/srichenberg/Music/The Mars Volta/The Mars Volta/Graveyard Love', False);
INSERT INTO `File` VALUES ('0xc04a7240ae9e561eca2c4f1bec9a9a67', 'Graveyard Love', @current_album, 'OGG', 58976000, '/storage/emulated/0/Music/The Mars Volta/The Mars Volta/Graveyard Love', True);
INSERT INTO `File` VALUES ('0x5b3c1b8b187b45dadca89759f42ffd29', 'Shore Story', @current_album, 'FLAC', 221243295, '~/home/srichenberg/Music/The Mars Volta/The Mars Volta/Shore Story', False);
INSERT INTO `File` VALUES ('0xe2f4f6c065bdd6472124c035ba8f85af', 'Shore Story', @current_album, 'OGG', 59280000, '/storage/emulated/0/Music/The Mars Volta/The Mars Volta/Shore Story', True);
INSERT INTO `File` VALUES ('0xbcad04e60e2eeca735e4c9135997966e', 'Blank Condolences', @current_album, 'FLAC', 242300331, '~/home/srichenberg/Music/The Mars Volta/The Mars Volta/Blank Condolences', False);
INSERT INTO `File` VALUES ('0x7f44a4e871198af0a391b6c070b75a3e', 'Blank Condolences', @current_album, 'OGG', 62928000, '/storage/emulated/0/Music/The Mars Volta/The Mars Volta/Blank Condolences', True);
INSERT INTO `File` VALUES ('0xbda1f0b04cfccbe04b80065a94ba5bc2', 'Vigil', @current_album, 'FLAC', 194335620, '~/home/srichenberg/Music/The Mars Volta/The Mars Volta/Vigil', False);
INSERT INTO `File` VALUES ('0x8c7971e9ff0e576cdfc46d861cda4eee', 'Vigil', @current_album, 'OGG', 58976000, '/storage/emulated/0/Music/The Mars Volta/The Mars Volta/Vigil', True);
INSERT INTO `File` VALUES ('0x2fe626da5c35901a6b4e4e2a2b63a4b1', 'Que dios te maldiga mi corazón', @current_album, 'FLAC', 120984365, '~/home/srichenberg/Music/The Mars Volta/The Mars Volta/Que dios te maldiga mi corazón', False);
INSERT INTO `File` VALUES ('0x1c06f01381b9f39658475c4fc59c428e', 'Que dios te maldiga mi corazón', @current_album, 'OGG', 30704000, '/storage/emulated/0/Music/The Mars Volta/The Mars Volta/Que dios te maldiga mi corazón', True);
INSERT INTO `File` VALUES ('0x8eb4ab17b851c84c01d0b50b35c74c21', 'Cerulea', @current_album, 'FLAC', 250579125, '~/home/srichenberg/Music/The Mars Volta/The Mars Volta/Cerulea', False);
INSERT INTO `File` VALUES ('0xd49754ac740d9c7ad4ca00abcd7b2c2f', 'Cerulea', @current_album, 'OGG', 68400000, '/storage/emulated/0/Music/The Mars Volta/The Mars Volta/Cerulea', True);
INSERT INTO `File` VALUES ('0xd86a8ef262c382fef6d8d3680e990da7', 'Flash Burns From Flashbacks', @current_album, 'FLAC', 183649088, '~/home/srichenberg/Music/The Mars Volta/The Mars Volta/Flash Burns From Flashbacks', False);
INSERT INTO `File` VALUES ('0x3fa3ceafadea402229743c77796984ca', 'Flash Burns From Flashbacks', @current_album, 'OGG', 48032000, '/storage/emulated/0/Music/The Mars Volta/The Mars Volta/Flash Burns From Flashbacks', True);
INSERT INTO `File` VALUES ('0x5cb7683d1640b346be931ad5d370ad35', 'Palm Full of Crux', @current_album, 'FLAC', 196410606, '~/home/srichenberg/Music/The Mars Volta/The Mars Volta/Palm Full of Crux', False);
INSERT INTO `File` VALUES ('0x3d6dd906a5882e23a34623856752fa02', 'Palm Full of Crux', @current_album, 'OGG', 65968000, '/storage/emulated/0/Music/The Mars Volta/The Mars Volta/Palm Full of Crux', True);
INSERT INTO `File` VALUES ('0x52f501bb18151f7663f1eefa4765045a', 'No Case Gain', @current_album, 'FLAC', 159967024, '~/home/srichenberg/Music/The Mars Volta/The Mars Volta/No Case Gain', False);
INSERT INTO `File` VALUES ('0xca0680ff72396398863a01c9731fef7a', 'No Case Gain', @current_album, 'OGG', 48944000, '/storage/emulated/0/Music/The Mars Volta/The Mars Volta/No Case Gain', True);
INSERT INTO `File` VALUES ('0x5e714b21eebb0fddce5d15d0077821c8', 'Tourmaline', @current_album, 'FLAC', 255956198, '~/home/srichenberg/Music/The Mars Volta/The Mars Volta/Tourmaline', False);
INSERT INTO `File` VALUES ('0x6853ad24bd75523fb4dae14abfe7ef03', 'Tourmaline', @current_album, 'OGG', 65056000, '/storage/emulated/0/Music/The Mars Volta/The Mars Volta/Tourmaline', True);
INSERT INTO `File` VALUES ('0x1a83fbb395aa3275ff32dad3adeec6d6', 'Equus 3', @current_album, 'FLAC', 260993334, '~/home/srichenberg/Music/The Mars Volta/The Mars Volta/Equus 3', False);
INSERT INTO `File` VALUES ('0x1776ceb2652744a47cfaca665567931d', 'Equus 3', @current_album, 'OGG', 75696000, '/storage/emulated/0/Music/The Mars Volta/The Mars Volta/Equus 3', True);
INSERT INTO `File` VALUES ('0xebeff5ac241462b79c0658a33b22b7ab', 'Collapsible Shoulders', @current_album, 'FLAC', 133876080, '~/home/srichenberg/Music/The Mars Volta/The Mars Volta/Collapsible Shoulders', False);
INSERT INTO `File` VALUES ('0x19c66eda55495ddb90e47220b8050a9b', 'Collapsible Shoulders', @current_album, 'OGG', 43776000, '/storage/emulated/0/Music/The Mars Volta/The Mars Volta/Collapsible Shoulders', True);
INSERT INTO `File` VALUES ('0x6e88228ec4223e225f4abacff84f2ed1', 'The Requisition', @current_album, 'FLAC', 306314568, '~/home/srichenberg/Music/The Mars Volta/The Mars Volta/The Requisition', False);
INSERT INTO `File` VALUES ('0xd29a6ab5ca478c1b51da0bac61c09cdb', 'The Requisition', @current_album, 'OGG', 76608000, '/storage/emulated/0/Music/The Mars Volta/The Mars Volta/The Requisition', True);
INSERT INTO CD_Personnel VALUES (@current_album, 'Willy Rodriguez Quiñones');
INSERT INTO CD_Personnel VALUES (@current_album, 'Daniel Diaz Rivera');
INSERT INTO CD_Personnel VALUES (@current_album, 'Eva Gardner');
INSERT INTO CD_Personnel VALUES (@current_album, 'Luis Bacqué');
INSERT INTO CD_Personnel VALUES (@current_album, 'Marcel Rodríguez-López');
INSERT INTO CD_Personnel VALUES (@current_album, 'Matthew Neighbour');
INSERT INTO CD_Personnel VALUES (@current_album, 'Stuart Gili-Ross');
INSERT INTO CD_Personnel VALUES (@current_album, 'Jon Debaun');
INSERT INTO CD_Personnel VALUES (@current_album, 'Leo Genovese');
INSERT INTO CD_Personnel VALUES (@current_album, 'Alma L. Zayas');
INSERT INTO CD_Personnel VALUES (@current_album, 'Omar Rodríguez-López');
INSERT INTO CD_Personnel VALUES (@current_album, 'Adan Guevara');
INSERT INTO CD_Personnel VALUES (@current_album, 'Chris von Rautenkranz');
INSERT INTO CD_Personnel VALUES (@current_album, 'Cedric Bixler-Zavala');
INSERT INTO CD_Personnel VALUES (@current_album, 'Chris Common');

-- The Getaway
INSERT INTO CD (Title, `Year`, `Location`) VALUES ('The Getaway', 2016, 'Home CD Library');
SET @current_album = LAST_INSERT_ID();
INSERT INTO CD_Artist VALUES (@current_album, 'Red Hot Chili Peppers');
INSERT INTO Track (Title, CD_ID, Length) VALUES ('The Getaway', @current_album, '00:04:10');
INSERT INTO Track (Title, CD_ID, Length) VALUES ('Dark Necessities', @current_album, '00:05:02');
INSERT INTO Track (Title, CD_ID, Length) VALUES ('We Turn Red', @current_album, '00:03:20');
INSERT INTO Track (Title, CD_ID, Length) VALUES ('The Longest Wave', @current_album, '00:03:31');
INSERT INTO Track (Title, CD_ID, Length) VALUES ('Goodbye Angels', @current_album, '00:04:28');
INSERT INTO Track (Title, CD_ID, Length) VALUES ('Sick Love', @current_album, '00:03:41');
INSERT INTO Track (Title, CD_ID, Length) VALUES ('Go Robot', @current_album, '00:04:23');
INSERT INTO Track (Title, CD_ID, Length) VALUES ('Feasting on the Flowers', @current_album, '00:03:22');
INSERT INTO Track (Title, CD_ID, Length) VALUES ('Detroit', @current_album, '00:03:46');
INSERT INTO Track (Title, CD_ID, Length) VALUES ('This Ticonderoga', @current_album, '00:03:35');
INSERT INTO Track (Title, CD_ID, Length) VALUES ('Encore', @current_album, '00:04:14');
INSERT INTO Track (Title, CD_ID, Length) VALUES ('The Hunter', @current_album, '00:04:00');
INSERT INTO Track (Title, CD_ID, Length) VALUES ('Dreams of a Samurai', @current_album, '00:06:09');
INSERT INTO `File` VALUES ('0x7c15367bb0e8b23f9c34ef5f9a05ed8b', 'The Getaway', @current_album, 'AIFF', 352800000, 'C:\\\\Users\\srichenberg\\Music\\Red Hot Chili Peppers\\The Getaway\\The Getaway', False);
INSERT INTO `File` VALUES ('0xf72e6c1865e55227c1e4fc0377759b00', 'Dark Necessities', @current_album, 'AIFF', 426182400, 'C:\\\\Users\\srichenberg\\Music\\Red Hot Chili Peppers\\The Getaway\\Dark Necessities', False);
INSERT INTO `File` VALUES ('0x4eeeef07321be74b34c12802f3738d4e', 'We Turn Red', @current_album, 'AIFF', 282240000, 'C:\\\\Users\\srichenberg\\Music\\Red Hot Chili Peppers\\The Getaway\\We Turn Red', False);
INSERT INTO `File` VALUES ('0xde6a31f3e79dd0a1d644aa85cd62559e', 'The Longest Wave', @current_album, 'AIFF', 297763200, 'C:\\\\Users\\srichenberg\\Music\\Red Hot Chili Peppers\\The Getaway\\The Longest Wave', False);
INSERT INTO `File` VALUES ('0x36b7b78d364d9414c0c399eb37496281', 'Goodbye Angels', @current_album, 'AIFF', 378201600, 'C:\\\\Users\\srichenberg\\Music\\Red Hot Chili Peppers\\The Getaway\\Goodbye Angels', False);
INSERT INTO `File` VALUES ('0xeaf346b3b12f3522e9548c74ab0b2fd6', 'Sick Love', @current_album, 'AIFF', 311875200, 'C:\\\\Users\\srichenberg\\Music\\Red Hot Chili Peppers\\The Getaway\\Sick Love', False);
INSERT INTO `File` VALUES ('0xbad103baf80fd5299db0d90e4ef00a6c', 'Go Robot', @current_album, 'AIFF', 371145600, 'C:\\\\Users\\srichenberg\\Music\\Red Hot Chili Peppers\\The Getaway\\Go Robot', False);
INSERT INTO `File` VALUES ('0xbd970933c1e23a2f467fd588f8008502', 'Feasting on the Flowers', @current_album, 'AIFF', 285062400, 'C:\\\\Users\\srichenberg\\Music\\Red Hot Chili Peppers\\The Getaway\\Feasting on the Flowers', False);
INSERT INTO `File` VALUES ('0x7bba1940c77fb3de9fa296c69a0668cd', 'Detroit', @current_album, 'AIFF', 318931200, 'C:\\\\Users\\srichenberg\\Music\\Red Hot Chili Peppers\\The Getaway\\Detroit', False);
INSERT INTO `File` VALUES ('0xc5f22043250cd614ed96014d23b65abf', 'This Ticonderoga', @current_album, 'AIFF', 303408000, 'C:\\\\Users\\srichenberg\\Music\\Red Hot Chili Peppers\\The Getaway\\This Ticonderoga', False);
INSERT INTO `File` VALUES ('0x5d645ad07c406dd7b55b0f2b0d3eba35', 'Encore', @current_album, 'AIFF', 358444800, 'C:\\\\Users\\srichenberg\\Music\\Red Hot Chili Peppers\\The Getaway\\Encore', False);
INSERT INTO `File` VALUES ('0x6be548e932c243e7d5191b4b934c5310', 'The Hunter', @current_album, 'AIFF', 338688000, 'C:\\\\Users\\srichenberg\\Music\\Red Hot Chili Peppers\\The Getaway\\The Hunter', False);
INSERT INTO `File` VALUES ('0x34f07872bfbce1729b30e79b891d0c51', 'Dreams of a Samurai', @current_album, 'AIFF', 520732800, 'C:\\\\Users\\srichenberg\\Music\\Red Hot Chili Peppers\\The Getaway\\Dreams of a Samurai', False);
INSERT INTO CD_Personnel VALUES (@current_album, 'Kennie Takahasi');
INSERT INTO CD_Personnel VALUES (@current_album, 'Stephen Marcussen');
INSERT INTO CD_Personnel VALUES (@current_album, 'John Armstrong');
INSERT INTO CD_Personnel VALUES (@current_album, 'Greg Fidelman');
INSERT INTO CD_Personnel VALUES (@current_album, 'Danger Mouse');
INSERT INTO CD_Personnel VALUES (@current_album, 'Briana Bandy');
INSERT INTO CD_Personnel VALUES (@current_album, 'Armen Ksajikian');
INSERT INTO CD_Personnel VALUES (@current_album, 'SJ Hasman');
INSERT INTO CD_Personnel VALUES (@current_album, 'Kennya Ramsey');
INSERT INTO CD_Personnel VALUES (@current_album, 'Nigel Godrich');
INSERT INTO CD_Personnel VALUES (@current_album, 'Matthew Selby');
INSERT INTO CD_Personnel VALUES (@current_album, 'Todd Monfalcone');
INSERT INTO CD_Personnel VALUES (@current_album, 'Beverley Chitwood');
INSERT INTO CD_Personnel VALUES (@current_album, 'Mauro Refosco');
INSERT INTO CD_Personnel VALUES (@current_album, 'Samuel Petts-Davies');
INSERT INTO CD_Personnel VALUES (@current_album, 'Brian "Danger Mouse" Burton');
INSERT INTO CD_Personnel VALUES (@current_album, 'Gregory Whipple');
INSERT INTO CD_Personnel VALUES (@current_album, 'Jeremy Levy');
INSERT INTO CD_Personnel VALUES (@current_album, 'Chris Tedesco');
INSERT INTO CD_Personnel VALUES (@current_album, 'Chris Warren');
INSERT INTO CD_Personnel VALUES (@current_album, 'Daniele Luppi');
INSERT INTO CD_Personnel VALUES (@current_album, 'Andrew Scheps');
INSERT INTO CD_Personnel VALUES (@current_album, 'Loren Smith');
INSERT INTO CD_Personnel VALUES (@current_album, 'Sharon Jackson');
INSERT INTO CD_Personnel VALUES (@current_album, 'Alexx Daye');
INSERT INTO CD_Personnel VALUES (@current_album, 'Elton John');
INSERT INTO CD_Personnel VALUES (@current_album, 'Peter Kent');
INSERT INTO CD_Personnel VALUES (@current_album, 'David Loucks');
INSERT INTO CD_Personnel VALUES (@current_album, 'Anna Waronker');

-- RHCP Self Titled
INSERT INTO CD (Title, `Year`, `Location`) VALUES ('Red Hot Chili Peppers', 1988, 'NULL');
SET @current_album = LAST_INSERT_ID();
INSERT INTO CD_Artist VALUES (@current_album, 'Red Hot Chili Peppers');
INSERT INTO Track (Title, CD_ID, Length) VALUES ("True Men Don't Kill Coyotes", @current_album, '00:03:40');
INSERT INTO Track (Title, CD_ID, Length) VALUES ('Baby Appeal', @current_album, '00:03:41');
INSERT INTO Track (Title, CD_ID, Length) VALUES ('Buckle Down', @current_album, '00:03:24');
INSERT INTO Track (Title, CD_ID, Length) VALUES ('Get Up and Jump', @current_album, '00:02:53');
INSERT INTO Track (Title, CD_ID, Length) VALUES ("Why Don't You Love Me", @current_album, '00:03:23');
INSERT INTO Track (Title, CD_ID, Length) VALUES ('Green Heaven', @current_album, '00:03:59');
INSERT INTO Track (Title, CD_ID, Length) VALUES ("Mommy Where's Daddy", @current_album, '00:03:31');
INSERT INTO Track (Title, CD_ID, Length) VALUES ('Out in L.A.', @current_album, '00:02:00');
INSERT INTO Track (Title, CD_ID, Length) VALUES ('Police Helicopter', @current_album, '00:01:16');
INSERT INTO Track (Title, CD_ID, Length) VALUES ('You Always Sing', @current_album, '00:00:19');
INSERT INTO Track (Title, CD_ID, Length) VALUES ('Grand Pappy Du Plenty', @current_album, '00:04:04');
INSERT INTO `File` VALUES ('0x64b950989df2e3d207a497c69ef3f793', "True Men Don't Kill Coyotes", @current_album, 'MP3', 35200000, "C:\\\\Users\\srichenberg\\Music\\Red Hot Chili Peppers\\Red Hot Chili Peppers\\True Men Don't Kill Coyotes", True);
INSERT INTO `File` VALUES ('0x0a9677cbe570114b98e16a64b25bb7fe', 'Baby Appeal', @current_album, 'MP3', 35360000, 'C:\\\\Users\\srichenberg\\Music\\Red Hot Chili Peppers\\Red Hot Chili Peppers\\Baby Appeal', True);
INSERT INTO `File` VALUES ('0xda4095263dae957e0aa288bd859b241d', 'Buckle Down', @current_album, 'MP3', 32640000, 'C:\\\\Users\\srichenberg\\Music\\Red Hot Chili Peppers\\Red Hot Chili Peppers\\Buckle Down', True);
INSERT INTO `File` VALUES ('0xe60b6d3358bd46a7e29801f3e0fc80e1', 'Get Up and Jump', @current_album, 'MP3', 27680000, 'C:\\\\Users\\srichenberg\\Music\\Red Hot Chili Peppers\\Red Hot Chili Peppers\\Get Up and Jump', True);
INSERT INTO `File` VALUES ('0x0924ed863a056937005ced99a37816b0', "Why Don't You Love Me", @current_album, 'MP3', 32480000, "C:\\\\Users\\srichenberg\\Music\\Red Hot Chili Peppers\\Red Hot Chili Peppers\\Why Don't You Love Me", True);
INSERT INTO `File` VALUES ('0x55d7a2b1d97840bc9009b7fb8b52d9c9', 'Green Heaven', @current_album, 'MP3', 38240000, 'C:\\\\Users\\srichenberg\\Music\\Red Hot Chili Peppers\\Red Hot Chili Peppers\\Green Heaven', True);
INSERT INTO `File` VALUES ('0x64d354fb27b1f2b3e36224c314e6a7b2', "Mommy Where's Daddy", @current_album, 'MP3', 33760000, "C:\\\\Users\\srichenberg\\Music\\Red Hot Chili Peppers\\Red Hot Chili Peppers\\Mommy Where's Daddy", True);
INSERT INTO `File` VALUES ('0xcf2159d7fad59172631e01897afee036', 'Out in L.A.', @current_album, 'MP3', 19200000, 'C:\\\\Users\\srichenberg\\Music\\Red Hot Chili Peppers\\Red Hot Chili Peppers\\Out in L.A.', True);
INSERT INTO `File` VALUES ('0x1e8ea375a8b6a0c916119aa4aea170e9', 'Police Helicopter', @current_album, 'MP3', 12160000, 'C:\\\\Users\\srichenberg\\Music\\Red Hot Chili Peppers\\Red Hot Chili Peppers\\Police Helicopter', True);
INSERT INTO `File` VALUES ('0xd6ef7c9efe6a44fa905243610627e7a6', 'You Always Sing', @current_album, 'MP3', 3040000, 'C:\\\\Users\\srichenberg\\Music\\Red Hot Chili Peppers\\Red Hot Chili Peppers\\You Always Sing', True);
INSERT INTO `File` VALUES ('0x417e0a8922b1e702937709f43a7fa89d', 'Grand Pappy Du Plenty', @current_album, 'MP3', 39040000, 'C:\\\\Users\\srichenberg\\Music\\Red Hot Chili Peppers\\Red Hot Chili Peppers\\Grand Pappy Du Plenty', True);
INSERT INTO CD_Personnel VALUES (@current_album, 'Dave Jerden');
INSERT INTO CD_Personnel VALUES (@current_album, 'Gwen Dickey');
INSERT INTO CD_Personnel VALUES (@current_album, 'Keith Barry');
INSERT INTO CD_Personnel VALUES (@current_album, 'Kenny Flood');
INSERT INTO CD_Personnel VALUES (@current_album, 'Patrick English');
INSERT INTO CD_Personnel VALUES (@current_album, 'Phil Ranelin');
INSERT INTO CD_Personnel VALUES (@current_album, 'Jack Sherman');
INSERT INTO CD_Personnel VALUES (@current_album, 'Gary Panter');
INSERT INTO CD_Personnel VALUES (@current_album, 'Howard Rosenberg');
INSERT INTO CD_Personnel VALUES (@current_album, 'Greg Fulginiti');
INSERT INTO CD_Personnel VALUES (@current_album, 'Cliff Brooks');
INSERT INTO CD_Personnel VALUES (@current_album, 'Cliff Martinez');
INSERT INTO CD_Personnel VALUES (@current_album, 'Carolyn Collins');
INSERT INTO CD_Personnel VALUES (@current_album, 'Barry Conley');
INSERT INTO CD_Personnel VALUES (@current_album, 'Spit Stix');
INSERT INTO CD_Personnel VALUES (@current_album, 'Flea');
INSERT INTO CD_Personnel VALUES (@current_album, 'Andy Gill');
INSERT INTO CD_Personnel VALUES (@current_album, 'Henry Marquez');
INSERT INTO CD_Personnel VALUES (@current_album, 'Edward Colver');
INSERT INTO CD_Personnel VALUES (@current_album, 'Rob Stevens');
INSERT INTO CD_Personnel VALUES (@current_album, 'Anthony Kiedis');

-- One maybe not so Hot Minute
INSERT INTO CD (Title, `Year`, `Location`) VALUES ('One Hot Minute', 1995, NULL);
SET @current_album = LAST_INSERT_ID();
INSERT INTO CD_Artist VALUES (@current_album, 'Red Hot Chili Peppers');
INSERT INTO Track (Title, CD_ID, Length) VALUES ('Warped', @current_album, '00:05:04');
INSERT INTO Track (Title, CD_ID, Length) VALUES ('Aeroplane', @current_album, '00:04:45');
INSERT INTO Track (Title, CD_ID, Length) VALUES ('Deep Kick', @current_album, '00:06:33');
INSERT INTO Track (Title, CD_ID, Length) VALUES ('My Friends', @current_album, '00:04:02');
INSERT INTO Track (Title, CD_ID, Length) VALUES ('Coffee Shop', @current_album, '00:03:08');
INSERT INTO Track (Title, CD_ID, Length) VALUES ('Pea', @current_album, '00:01:47');
INSERT INTO Track (Title, CD_ID, Length) VALUES ('One Big Mob', @current_album, '00:06:02');
INSERT INTO Track (Title, CD_ID, Length) VALUES ('Walkabout', @current_album, '00:05:07');
INSERT INTO Track (Title, CD_ID, Length) VALUES ('Tearjerker', @current_album, '00:04:19');
INSERT INTO Track (Title, CD_ID, Length) VALUES ('One Hot Minute', @current_album, '00:06:23');
INSERT INTO Track (Title, CD_ID, Length) VALUES ('Falling Into Grace', @current_album, '00:03:48');
INSERT INTO Track (Title, CD_ID, Length) VALUES ('Shallow Be Thy Game', @current_album, '00:04:33');
INSERT INTO Track (Title, CD_ID, Length) VALUES ('Transcending', @current_album, '00:05:46');
INSERT INTO `File` VALUES ('0x8463688bdc8aa2c85655896be0823b39', 'Warped', @current_album, 'MP3', 68096000, 'C:\\\\Users\\srichenberg\\Music\\Red Hot Chili Peppers\\One Hot Minute\\Warped', True);
INSERT INTO `File` VALUES ('0x67f9c2fa79e7dfee12401225a01b4ac8', 'Warped', @current_album, 'WAV', 429004800, '~/home/srichenberg/Music/Red Hot Chili Peppers/One Hot Minute/Warped', False);
INSERT INTO `File` VALUES ('0xa9b14c9d9841f2dbb96084be86abe9a4', 'Aeroplane', @current_album, 'MP3', 63840000, 'C:\\\\Users\\srichenberg\\Music\\Red Hot Chili Peppers\\One Hot Minute\\Aeroplane', True);
INSERT INTO `File` VALUES ('0xfdce57502b517dff0d85b8a2687e33f8', 'Aeroplane', @current_album, 'WAV', 402192000, '~/home/srichenberg/Music/Red Hot Chili Peppers/One Hot Minute/Aeroplane', False);
INSERT INTO `File` VALUES ('0x43e8583a5203fcfbd6e7330aad78d8d2', 'Deep Kick', @current_album, 'MP3', 88032000, 'C:\\\\Users\\srichenberg\\Music\\Red Hot Chili Peppers\\One Hot Minute\\Deep Kick', True);
INSERT INTO `File` VALUES ('0xaad08a66fe5ae9105664614d979cca59', 'Deep Kick', @current_album, 'WAV', 554601600, '~/home/srichenberg/Music/Red Hot Chili Peppers/One Hot Minute/Deep Kick', False);
INSERT INTO `File` VALUES ('0x187f74f1be0d5f2f96e2b896d9cf5090', 'My Friends', @current_album, 'MP3', 54208000, 'C:\\\\Users\\srichenberg\\Music\\Red Hot Chili Peppers\\One Hot Minute\\My Friends', True);
INSERT INTO `File` VALUES ('0x96c88555d4ef3f3a9e1027d8946f83c9', 'My Friends', @current_album, 'WAV', 341510400, '~/home/srichenberg/Music/Red Hot Chili Peppers/One Hot Minute/My Friends', False);
INSERT INTO `File` VALUES ('0x42df88fbb8ee9b6c95b17dbd798d1d2f', 'Coffee Shop', @current_album, 'MP3', 42112000, 'C:\\\\Users\\srichenberg\\Music\\Red Hot Chili Peppers\\One Hot Minute\\Coffee Shop', True);
INSERT INTO `File` VALUES ('0x2ec2387af3dd83c0bbe4842692c4f134', 'Coffee Shop', @current_album, 'WAV', 265305600, '~/home/srichenberg/Music/Red Hot Chili Peppers/One Hot Minute/Coffee Shop', False);
INSERT INTO `File` VALUES ('0xdf371e62f06c5a8c78a461bfffbceec7', 'Pea', @current_album, 'MP3', 23968000, 'C:\\\\Users\\srichenberg\\Music\\Red Hot Chili Peppers\\One Hot Minute\\Pea', True);
INSERT INTO `File` VALUES ('0x7a5572cd380f1236b0a97af8a7539ff5', 'Pea', @current_album, 'WAV', 150998400, '~/home/srichenberg/Music/Red Hot Chili Peppers/One Hot Minute/Pea', False);
INSERT INTO `File` VALUES ('0x5e216a190865656f1a319ad82d3072be', 'One Big Mob', @current_album, 'MP3', 81088000, 'C:\\\\Users\\srichenberg\\Music\\Red Hot Chili Peppers\\One Hot Minute\\One Big Mob', True);
INSERT INTO `File` VALUES ('0x1dc8c0828a1b87a8ee27958753682f9b', 'One Big Mob', @current_album, 'WAV', 510854400, '~/home/srichenberg/Music/Red Hot Chili Peppers/One Hot Minute/One Big Mob', False);
INSERT INTO `File` VALUES ('0xb55d447c969e665206ff395943d69070', 'Walkabout', @current_album, 'MP3', 68768000, 'C:\\\\Users\\srichenberg\\Music\\Red Hot Chili Peppers\\One Hot Minute\\Walkabout', True);
INSERT INTO `File` VALUES ('0x8b184ac620e414d14c4f7ee4420a0187', 'Walkabout', @current_album, 'WAV', 433238400, '~/home/srichenberg/Music/Red Hot Chili Peppers/One Hot Minute/Walkabout', False);
INSERT INTO `File` VALUES ('0x47cd71beca1f6d3dda253aef781b7c12', 'Tearjerker', @current_album, 'MP3', 58016000, 'C:\\\\Users\\srichenberg\\Music\\Red Hot Chili Peppers\\One Hot Minute\\Tearjerker', True);
INSERT INTO `File` VALUES ('0x48f512080631eabf1967ebe8ea9642f1', 'Tearjerker', @current_album, 'WAV', 365500800, '~/home/srichenberg/Music/Red Hot Chili Peppers/One Hot Minute/Tearjerker', False);
INSERT INTO `File` VALUES ('0x698527ceaa6f02faab78327cfd6124fd', 'One Hot Minute', @current_album, 'MP3', 85792000, 'C:\\\\Users\\srichenberg\\Music\\Red Hot Chili Peppers\\One Hot Minute\\One Hot Minute', True);
INSERT INTO `File` VALUES ('0xf0dc5c48d1847cb03532ce8db6a9d545', 'One Hot Minute', @current_album, 'WAV', 540489600, '~/home/srichenberg/Music/Red Hot Chili Peppers/One Hot Minute/One Hot Minute', False);
INSERT INTO `File` VALUES ('0xb07d4eef59e78c3c0ec9b588a1f6b3de', 'Falling Into Grace', @current_album, 'MP3', 51072000, 'C:\\\\Users\\srichenberg\\Music\\Red Hot Chili Peppers\\One Hot Minute\\Falling Into Grace', True);
INSERT INTO `File` VALUES ('0xfe92b79fe9d8687e2674d3555a133ba2', 'Falling Into Grace', @current_album, 'WAV', 321753600, '~/home/srichenberg/Music/Red Hot Chili Peppers/One Hot Minute/Falling Into Grace', False);
INSERT INTO `File` VALUES ('0x3efccfabac6630207cc4cfae1fc3a3b9', 'Shallow Be Thy Game', @current_album, 'MP3', 61152000, 'C:\\\\Users\\srichenberg\\Music\\Red Hot Chili Peppers\\One Hot Minute\\Shallow Be Thy Game', True);
INSERT INTO `File` VALUES ('0x03881dd4b281a4e72cf4cb49a51bfe7b', 'Shallow Be Thy Game', @current_album, 'WAV', 385257600, '~/home/srichenberg/Music/Red Hot Chili Peppers/One Hot Minute/Shallow Be Thy Game', False);
INSERT INTO `File` VALUES ('0x959616680d46864e71c194f859da1acf', 'Transcending', @current_album, 'MP3', 77504000, 'C:\\\\Users\\srichenberg\\Music\\Red Hot Chili Peppers\\One Hot Minute\\Transcending', True);
INSERT INTO `File` VALUES ('0xf736d5f377be71c0fdd9dccfe274d6c4', 'Transcending', @current_album, 'WAV', 488275200, '~/home/srichenberg/Music/Red Hot Chili Peppers/One Hot Minute/Transcending', False);
INSERT INTO CD_Personnel VALUES (@current_album, 'Rick Rubin');
INSERT INTO CD_Personnel VALUES (@current_album, 'Mark Ryden');
INSERT INTO CD_Personnel VALUES (@current_album, 'Stephen Perkins');
INSERT INTO CD_Personnel VALUES (@current_album, 'Louis Mathieu');
INSERT INTO CD_Personnel VALUES (@current_album, 'Stephen Marcussen');
INSERT INTO CD_Personnel VALUES (@current_album, 'Flea');
INSERT INTO CD_Personnel VALUES (@current_album, 'Chad Smith');
INSERT INTO CD_Personnel VALUES (@current_album, 'Gurmukh Kaur Khalsa');
INSERT INTO CD_Personnel VALUES (@current_album, 'Anthony Kiedis');
INSERT INTO CD_Personnel VALUES (@current_album, 'Lenny Castro');
INSERT INTO CD_Personnel VALUES (@current_album, 'Jimmy Boyle');
INSERT INTO CD_Personnel VALUES (@current_album, 'Aimee Echo');
INSERT INTO CD_Personnel VALUES (@current_album, 'The Aeroplane Kids');
INSERT INTO CD_Personnel VALUES (@current_album, 'Dave Navarro');
INSERT INTO CD_Personnel VALUES (@current_album, 'John Lurie');
INSERT INTO CD_Personnel VALUES (@current_album, 'Gabriel James Navarro');
INSERT INTO CD_Personnel VALUES (@current_album, 'Dave Sardy');
INSERT INTO CD_Personnel VALUES (@current_album, 'Kristen Vigard');
INSERT INTO CD_Personnel VALUES (@current_album, 'Dave Schiffman');
INSERT INTO CD_Personnel VALUES (@current_album, 'Don C. Tyler');
INSERT INTO CD_Personnel VALUES (@current_album, 'Keith "Tree" Barry');

-- Unlimited Love
INSERT INTO CD (Title, `Year`, `Location`) VALUES ('Unlimited Love', 2022, 'Home CD Library');
SET @current_album = LAST_INSERT_ID();
INSERT INTO CD_Artist VALUES (@current_album, 'Red Hot Chili Peppers');
INSERT INTO Track (Title, CD_ID, Length) VALUES ('Black Summer', @current_album, '00:03:52');
INSERT INTO Track (Title, CD_ID, Length) VALUES ('Here Ever After', @current_album, '00:03:50');
INSERT INTO Track (Title, CD_ID, Length) VALUES ('Aquatic Mouth Dance', @current_album, '00:04:20');
INSERT INTO Track (Title, CD_ID, Length) VALUES ('Not the One', @current_album, '00:04:26');
INSERT INTO Track (Title, CD_ID, Length) VALUES ('Poster Child', @current_album, '00:05:18');
INSERT INTO Track (Title, CD_ID, Length) VALUES ('The Great Apes', @current_album, '00:05:01');
INSERT INTO Track (Title, CD_ID, Length) VALUES ("It's Only Natural", @current_album, '00:05:33');
INSERT INTO Track (Title, CD_ID, Length) VALUES ("She's a Lover", @current_album, '00:03:41');
INSERT INTO Track (Title, CD_ID, Length) VALUES ('These Are the Ways', @current_album, '00:03:56');
INSERT INTO Track (Title, CD_ID, Length) VALUES ("Whatchu Thinkin'", @current_album, '00:03:40');
INSERT INTO Track (Title, CD_ID, Length) VALUES ('Bastards of Light', @current_album, '00:03:38');
INSERT INTO Track (Title, CD_ID, Length) VALUES ('White Braids & Pillow Chair', @current_album, '00:03:40');
INSERT INTO Track (Title, CD_ID, Length) VALUES ('One Way Traffic', @current_album, '00:04:10');
INSERT INTO Track (Title, CD_ID, Length) VALUES ('Veronica', @current_album, '00:04:29');
INSERT INTO Track (Title, CD_ID, Length) VALUES ("Let 'Em Cry", @current_album, '00:04:23');
INSERT INTO Track (Title, CD_ID, Length) VALUES ('The Heavy Wing', @current_album, '00:05:31');
INSERT INTO Track (Title, CD_ID, Length) VALUES ('Tangelo', @current_album, '00:03:37');
INSERT INTO `File` VALUES ('0xf1fc1abce0d0fc65eb79caf36f564b94', 'Black Summer', @current_album, 'FLAC', 269111880, '~/home/srichenberg/Music/Red Hot Chili Peppers/Unlimited Love/Black Summer', False);
INSERT INTO `File` VALUES ('0x9a416ba0d0fba23109f236a1294bb2a6', 'Black Summer', @current_album, 'OGG', 66816000, '/storage/emulated/0/Music/Red Hot Chili Peppers/Unlimited Love/Black Summer', True);
INSERT INTO `File` VALUES ('0x9052e7ec9d28f5ed9ba73b4ec78108e9', 'Here Ever After', @current_album, 'FLAC', 246066420, '~/home/srichenberg/Music/Red Hot Chili Peppers/Unlimited Love/Here Ever After', False);
INSERT INTO `File` VALUES ('0x1a38e807d674d201902695e045fb5d5c', 'Here Ever After', @current_album, 'OGG', 66240000, '/storage/emulated/0/Music/Red Hot Chili Peppers/Unlimited Love/Here Ever After', True);
INSERT INTO `File` VALUES ('0x1de9ca21f811d779049d679e3f09501b', 'Aquatic Mouth Dance', @current_album, 'FLAC', 320772400, '~/home/srichenberg/Music/Red Hot Chili Peppers/Unlimited Love/Aquatic Mouth Dance', False);
INSERT INTO `File` VALUES ('0xc7443582c06a6e13015376435aba93f6', 'Aquatic Mouth Dance', @current_album, 'OGG', 74880000, '/storage/emulated/0/Music/Red Hot Chili Peppers/Unlimited Love/Aquatic Mouth Dance', True);
INSERT INTO `File` VALUES ('0x0f270c1f88ac19a0ee12650e8bd228f9', 'Not the One', @current_album, 'FLAC', 300046404, '~/home/srichenberg/Music/Red Hot Chili Peppers/Unlimited Love/Not the One', False);
INSERT INTO `File` VALUES ('0x42cf3eb15deeddfa36e824fd4fc0a575', 'Not the One', @current_album, 'OGG', 76608000, '/storage/emulated/0/Music/Red Hot Chili Peppers/Unlimited Love/Not the One', True);
INSERT INTO `File` VALUES ('0xf24284bd82c8a8d0a35cba3987aca80e', 'Poster Child', @current_album, 'FLAC', 322916280, '~/home/srichenberg/Music/Red Hot Chili Peppers/Unlimited Love/Poster Child', False);
INSERT INTO `File` VALUES ('0x7db97174471a4d5edec25da904052485', 'Poster Child', @current_album, 'OGG', 91584000, '/storage/emulated/0/Music/Red Hot Chili Peppers/Unlimited Love/Poster Child', True);
INSERT INTO `File` VALUES ('0x3ba8caf7ebd1ae3c5221fd4cafa2e093', 'The Great Apes', @current_album, 'FLAC', 319612034, '~/home/srichenberg/Music/Red Hot Chili Peppers/Unlimited Love/The Great Apes', False);
INSERT INTO `File` VALUES ('0x5b0aaed097f4107b8ec60ff627e1ce5b', 'The Great Apes', @current_album, 'OGG', 86688000, '/storage/emulated/0/Music/Red Hot Chili Peppers/Unlimited Love/The Great Apes', True);
INSERT INTO `File` VALUES ('0xd327b7e582d8898b004291e5c1fb11c9', "It's Only Natural", @current_album, 'FLAC', 401999931, "~/home/srichenberg/Music/Red Hot Chili Peppers/Unlimited Love/It's Only Natural", False);
INSERT INTO `File` VALUES ('0x856cddad44e408e4f5257f8e13b9ff5f', "It's Only Natural", @current_album, 'OGG', 95904000, "/storage/emulated/0/Music/Red Hot Chili Peppers/Unlimited Love/It's Only Natural", True);
INSERT INTO `File` VALUES ('0x545f396b3f290f2f69f5d256c4d877da', "She's a Lover", @current_album, 'FLAC', 263622944, "~/home/srichenberg/Music/Red Hot Chili Peppers/Unlimited Love/She's a Lover", False);
INSERT INTO `File` VALUES ('0xa0ff219cad373f625db995ff5b02e2af', "She's a Lover", @current_album, 'OGG', 63648000, "/storage/emulated/0/Music/Red Hot Chili Peppers/Unlimited Love/She's a Lover", True);
INSERT INTO `File` VALUES ('0xb48ece90c5ce7c85af37227614b5cefd', 'These Are the Ways', @current_album, 'FLAC', 228508652, '~/home/srichenberg/Music/Red Hot Chili Peppers/Unlimited Love/These Are the Ways', False);
INSERT INTO `File` VALUES ('0xe4c7439c42fa78e7f933f8f7a109bc6a', 'These Are the Ways', @current_album, 'OGG', 67968000, '/storage/emulated/0/Music/Red Hot Chili Peppers/Unlimited Love/These Are the Ways', True);
INSERT INTO `File` VALUES ('0x5bca1073ac6a415e09b5c2ff6e18b30a', "Whatchu Thinkin'", @current_album, 'FLAC', 215954420, "~/home/srichenberg/Music/Red Hot Chili Peppers/Unlimited Love/Whatchu Thinkin'", False);
INSERT INTO `File` VALUES ('0xcd657d400acd308ae0775cc0bf4e2900', "Whatchu Thinkin'", @current_album, 'OGG', 63360000, "/storage/emulated/0/Music/Red Hot Chili Peppers/Unlimited Love/Whatchu Thinkin'", True);
INSERT INTO `File` VALUES ('0x5c8177dcdcd53f2db31c6d4f9af48e85', 'Bastards of Light', @current_album, 'FLAC', 238028750, '~/home/srichenberg/Music/Red Hot Chili Peppers/Unlimited Love/Bastards of Light', False);
INSERT INTO `File` VALUES ('0x5ad52ab3f68b14edc3613844937ca98e', 'Bastards of Light', @current_album, 'OGG', 62784000, '/storage/emulated/0/Music/Red Hot Chili Peppers/Unlimited Love/Bastards of Light', True);
INSERT INTO `File` VALUES ('0x4c4ecc42294bbb5bae14591d0c504399', 'White Braids & Pillow Chair', @current_album, 'FLAC', 243244540, '~/home/srichenberg/Music/Red Hot Chili Peppers/Unlimited Love/White Braids & Pillow Chair', False);
INSERT INTO `File` VALUES ('0x4cc031579c546974510b0d5aa34f7e4f', 'White Braids & Pillow Chair', @current_album, 'OGG', 63360000, '/storage/emulated/0/Music/Red Hot Chili Peppers/Unlimited Love/White Braids & Pillow Chair', True);
INSERT INTO `File` VALUES ('0x119fbf2d496c05d2786419a8127689c0', 'One Way Traffic', @current_album, 'FLAC', 234651000, '~/home/srichenberg/Music/Red Hot Chili Peppers/Unlimited Love/One Way Traffic', False);
INSERT INTO `File` VALUES ('0x9bd82e0c9e3efde7755697739b412733', 'One Way Traffic', @current_album, 'OGG', 72000000, '/storage/emulated/0/Music/Red Hot Chili Peppers/Unlimited Love/One Way Traffic', True);
INSERT INTO `File` VALUES ('0xec7c3676c81efcf90a634f1d0f667f4a', 'Veronica', @current_album, 'FLAC', 325616968, '~/home/srichenberg/Music/Red Hot Chili Peppers/Unlimited Love/Veronica', False);
INSERT INTO `File` VALUES ('0xa58326de59c7d7bf017d0802f71368ad', 'Veronica', @current_album, 'OGG', 77472000, '/storage/emulated/0/Music/Red Hot Chili Peppers/Unlimited Love/Veronica', True);
INSERT INTO `File` VALUES ('0x574e5cfd816d50becaab845afa630e12', "Let 'Em Cry", @current_album, 'FLAC', 234915019, "~/home/srichenberg/Music/Red Hot Chili Peppers/Unlimited Love/Let 'Em Cry", False);
INSERT INTO `File` VALUES ('0x5886aea2165000bb42e30cddb4a33c3a', "Let 'Em Cry", @current_album, 'OGG', 75744000, "/storage/emulated/0/Music/Red Hot Chili Peppers/Unlimited Love/Let 'Em Cry", True);
INSERT INTO `File` VALUES ('0xffc30842f1018475039e7b02c90d31e6', 'The Heavy Wing', @current_album, 'FLAC', 319601684, '~/home/srichenberg/Music/Red Hot Chili Peppers/Unlimited Love/The Heavy Wing', False);
INSERT INTO `File` VALUES ('0xc3f07a4d6feea9bf79a8b854c3155514', 'The Heavy Wing', @current_album, 'OGG', 95328000, '/storage/emulated/0/Music/Red Hot Chili Peppers/Unlimited Love/The Heavy Wing', True);
INSERT INTO `File` VALUES ('0xf11ea969c38492f395bca833e6903ae5', 'Tangelo', @current_album, 'FLAC', 196340298, '~/home/srichenberg/Music/Red Hot Chili Peppers/Unlimited Love/Tangelo', False);
INSERT INTO `File` VALUES ('0xd8816f50c223a30cbae357469d4889d5', 'Tangelo', @current_album, 'OGG', 62496000, '/storage/emulated/0/Music/Red Hot Chili Peppers/Unlimited Love/Tangelo', True);
INSERT INTO CD_Personnel VALUES (@current_album, 'Aura T-09');
INSERT INTO CD_Personnel VALUES (@current_album, 'Dylan Neustadter');
INSERT INTO CD_Personnel VALUES (@current_album, 'Phillip Broussard Jr.');
INSERT INTO CD_Personnel VALUES (@current_album, 'Bo Bodnar');
INSERT INTO CD_Personnel VALUES (@current_album, 'Lenny Castro');
INSERT INTO CD_Personnel VALUES (@current_album, 'Chaz Sexton');
INSERT INTO CD_Personnel VALUES (@current_album, 'Vikram Devasthali');
INSERT INTO CD_Personnel VALUES (@current_album, 'Lawrence Malchose');
INSERT INTO CD_Personnel VALUES (@current_album, 'John Frusciante');
INSERT INTO CD_Personnel VALUES (@current_album, 'Mauro Refosco');
INSERT INTO CD_Personnel VALUES (@current_album, 'Bernie Grundman');
INSERT INTO CD_Personnel VALUES (@current_album, 'Clara Balzary');
INSERT INTO CD_Personnel VALUES (@current_album, 'Sarah Zoraya and Aura T-09');
INSERT INTO CD_Personnel VALUES (@current_album, 'Cory Henry');
INSERT INTO CD_Personnel VALUES (@current_album, 'Jeremy Lubsey');
INSERT INTO CD_Personnel VALUES (@current_album, 'Jonathan Pfarr');
INSERT INTO CD_Personnel VALUES (@current_album, 'Eric Lynn');
INSERT INTO CD_Personnel VALUES (@current_album, 'Gage Freeman');
INSERT INTO CD_Personnel VALUES (@current_album, 'Ryan Hewitt');
INSERT INTO CD_Personnel VALUES (@current_album, 'Chris Warren');
INSERT INTO CD_Personnel VALUES (@current_album, 'Mathew Tollings');
INSERT INTO CD_Personnel VALUES (@current_album, 'Vlado Meller');
INSERT INTO CD_Personnel VALUES (@current_album, 'Flea');
INSERT INTO CD_Personnel VALUES (@current_album, 'Jason Lader');
INSERT INTO CD_Personnel VALUES (@current_album, 'Henry Trejo');
INSERT INTO CD_Personnel VALUES (@current_album, 'Sami Bañuelos');
INSERT INTO CD_Personnel VALUES (@current_album, 'Chad Smith');
INSERT INTO CD_Personnel VALUES (@current_album, 'Rick Rubin');
INSERT INTO CD_Personnel VALUES (@current_album, 'Ethan Mates');
INSERT INTO CD_Personnel VALUES (@current_album, 'Anthony Kiedis');
INSERT INTO CD_Personnel VALUES (@current_album, 'Josh Johnson');
INSERT INTO CD_Personnel VALUES (@current_album, 'Nate Walcott');
INSERT INTO CD_Personnel VALUES (@current_album, 'Charlie Bolois');

-- Return of the Dream Canteen
INSERT INTO CD (Title, `Year`, `Location`) VALUES ('Return of the Dream Canteen', 2022, 'Home CD Library');
SET @current_album = LAST_INSERT_ID();
INSERT INTO CD_Artist VALUES (@current_album, 'Red Hot Chili Peppers');
INSERT INTO Track (Title, CD_ID, Length) VALUES ('Tippa My Tongue', @current_album, '00:04:21');
INSERT INTO Track (Title, CD_ID, Length) VALUES ('Peace and Love', @current_album, '00:04:03');
INSERT INTO Track (Title, CD_ID, Length) VALUES ('Reach Out', @current_album, '00:04:12');
INSERT INTO Track (Title, CD_ID, Length) VALUES ('Eddie', @current_album, '00:05:42');
INSERT INTO Track (Title, CD_ID, Length) VALUES ('Fake as Fu@k', @current_album, '00:04:22');
INSERT INTO Track (Title, CD_ID, Length) VALUES ('Bella', @current_album, '00:04:51');
INSERT INTO Track (Title, CD_ID, Length) VALUES ('Roulette', @current_album, '00:04:57');
INSERT INTO Track (Title, CD_ID, Length) VALUES ('My Cigarette', @current_album, '00:04:24');
INSERT INTO Track (Title, CD_ID, Length) VALUES ('Afterlife', @current_album, '00:04:14');
INSERT INTO Track (Title, CD_ID, Length) VALUES ('Shoot Me a Smile', @current_album, '00:03:43');
INSERT INTO Track (Title, CD_ID, Length) VALUES ('Handful', @current_album, '00:04:00');
INSERT INTO Track (Title, CD_ID, Length) VALUES ('The Drummer', @current_album, '00:03:23');
INSERT INTO Track (Title, CD_ID, Length) VALUES ('Bag of Grins', @current_album, '00:05:06');
INSERT INTO Track (Title, CD_ID, Length) VALUES ('La La La La La La La La', @current_album, '00:03:57');
INSERT INTO Track (Title, CD_ID, Length) VALUES ('Copperbelly', @current_album, '00:03:45');
INSERT INTO Track (Title, CD_ID, Length) VALUES ('Carry Me Home', @current_album, '00:04:13');
INSERT INTO Track (Title, CD_ID, Length) VALUES ('In the Snow', @current_album, '00:05:55');
INSERT INTO `File` VALUES ('0xd8668834a2fb275aa0ea20a086fd5f17', 'Tippa My Tongue', @current_album, 'FLAC', 291730662, '~/home/srichenberg/Music/Red Hot Chili Peppers/Return of the Dream Canteen/Tippa My Tongue', False);
INSERT INTO `File` VALUES ('0xefb5344e589a3edef89a2d2f9278b596', 'Tippa My Tongue', @current_album, 'OGG', 66816000, '/storage/emulated/0/Music/Red Hot Chili Peppers/Return of the Dream Canteen/Tippa My Tongue', True);
INSERT INTO `File` VALUES ('0x9887f99b528af1f29e8f09f09fdc90b5', 'Peace and Love', @current_album, 'FLAC', 292121721, '~/home/srichenberg/Music/Red Hot Chili Peppers/Return of the Dream Canteen/Peace and Love', False);
INSERT INTO `File` VALUES ('0x233cc1cd59652a423b0e4633037c8264', 'Peace and Love', @current_album, 'OGG', 62208000, '/storage/emulated/0/Music/Red Hot Chili Peppers/Return of the Dream Canteen/Peace and Love', True);
INSERT INTO `File` VALUES ('0x364f42b1d49294f760334ea4f38530e1', 'Reach Out', @current_album, 'FLAC', 268634520, '~/home/srichenberg/Music/Red Hot Chili Peppers/Return of the Dream Canteen/Reach Out', False);
INSERT INTO `File` VALUES ('0x558c64480f7393b52caf13664dd986d6', 'Reach Out', @current_album, 'OGG', 64512000, '/storage/emulated/0/Music/Red Hot Chili Peppers/Return of the Dream Canteen/Reach Out', True);
INSERT INTO `File` VALUES ('0xa4d69e62373c06561c67ed94f3b4775c', 'Eddie', @current_album, 'FLAC', 377050212, '~/home/srichenberg/Music/Red Hot Chili Peppers/Return of the Dream Canteen/Eddie', False);
INSERT INTO `File` VALUES ('0x9cc60bec208ef8bb94804e0c79b2db7b', 'Eddie', @current_album, 'OGG', 87552000, '/storage/emulated/0/Music/Red Hot Chili Peppers/Return of the Dream Canteen/Eddie', True);
INSERT INTO `File` VALUES ('0x13f8e51d1438abb019c069ed68b46260', 'Fake as Fu@k', @current_album, 'FLAC', 237597582, '~/home/srichenberg/Music/Red Hot Chili Peppers/Return of the Dream Canteen/Fake as Fu@k', False);
INSERT INTO `File` VALUES ('0x3f483721f9c203f34d0f7d3ed7501742', 'Fake as Fu@k', @current_album, 'OGG', 67072000, '/storage/emulated/0/Music/Red Hot Chili Peppers/Return of the Dream Canteen/Fake as Fu@k', True);
INSERT INTO `File` VALUES ('0xc31e875a7d8ad6df97ef8525ffb6ee14', 'Bella', @current_album, 'FLAC', 293963835, '~/home/srichenberg/Music/Red Hot Chili Peppers/Return of the Dream Canteen/Bella', False);
INSERT INTO `File` VALUES ('0xadbc3b0824599372cab111a8a3effb54', 'Bella', @current_album, 'OGG', 74496000, '/storage/emulated/0/Music/Red Hot Chili Peppers/Return of the Dream Canteen/Bella', True);
INSERT INTO `File` VALUES ('0x742f3c8c8758a22894bd76257dc50356', 'Roulette', @current_album, 'FLAC', 342101529, '~/home/srichenberg/Music/Red Hot Chili Peppers/Return of the Dream Canteen/Roulette', False);
INSERT INTO `File` VALUES ('0x0b0cbddb4df098a8db9c9b2f1fce0b3d', 'Roulette', @current_album, 'OGG', 76032000, '/storage/emulated/0/Music/Red Hot Chili Peppers/Return of the Dream Canteen/Roulette', True);
INSERT INTO `File` VALUES ('0xf76160343f7a84f8364ca8306236f17d', 'My Cigarette', @current_album, 'FLAC', 286827816, '~/home/srichenberg/Music/Red Hot Chili Peppers/Return of the Dream Canteen/My Cigarette', False);
INSERT INTO `File` VALUES ('0x226d7f5a4d4a6dcd50148a317d8d7b1d', 'My Cigarette', @current_album, 'OGG', 67584000, '/storage/emulated/0/Music/Red Hot Chili Peppers/Return of the Dream Canteen/My Cigarette', True);
INSERT INTO `File` VALUES ('0x4ae72d00313a9d423e118a6ff264038a', 'Afterlife', @current_album, 'FLAC', 225595688, '~/home/srichenberg/Music/Red Hot Chili Peppers/Return of the Dream Canteen/Afterlife', False);
INSERT INTO `File` VALUES ('0xeaf77d5f01ee732208a32f2a1e3eaae6', 'Afterlife', @current_album, 'OGG', 65024000, '/storage/emulated/0/Music/Red Hot Chili Peppers/Return of the Dream Canteen/Afterlife', True);
INSERT INTO `File` VALUES ('0x29eb50e8a7b64620a1e3ad4879dd24d6', 'Shoot Me a Smile', @current_album, 'FLAC', 249346335, '~/home/srichenberg/Music/Red Hot Chili Peppers/Return of the Dream Canteen/Shoot Me a Smile', False);
INSERT INTO `File` VALUES ('0x7347a111ee86aa8be87e4f5e59df9376', 'Shoot Me a Smile', @current_album, 'OGG', 57088000, '/storage/emulated/0/Music/Red Hot Chili Peppers/Return of the Dream Canteen/Shoot Me a Smile', True);
INSERT INTO `File` VALUES ('0xe4d8b23a89716bfbf9424abe59f31028', 'Handful', @current_album, 'FLAC', 295258080, '~/home/srichenberg/Music/Red Hot Chili Peppers/Return of the Dream Canteen/Handful', False);
INSERT INTO `File` VALUES ('0x6dc3e72e1718880aa656897567603485', 'Handful', @current_album, 'OGG', 61440000, '/storage/emulated/0/Music/Red Hot Chili Peppers/Return of the Dream Canteen/Handful', True);
INSERT INTO `File` VALUES ('0x51049d1d1103918abfda329cd0a22a8f', 'The Drummer', @current_album, 'FLAC', 197919519, '~/home/srichenberg/Music/Red Hot Chili Peppers/Return of the Dream Canteen/The Drummer', False);
INSERT INTO `File` VALUES ('0x7318a8d2bf1e714d009160c73d9c083c', 'The Drummer', @current_album, 'OGG', 51968000, '/storage/emulated/0/Music/Red Hot Chili Peppers/Return of the Dream Canteen/The Drummer', True);
INSERT INTO `File` VALUES ('0x2a92d82389e1c189b0cbc473505cb3cc', 'Bag of Grins', @current_album, 'FLAC', 347153328, '~/home/srichenberg/Music/Red Hot Chili Peppers/Return of the Dream Canteen/Bag of Grins', False);
INSERT INTO `File` VALUES ('0x23c642dd2021c05ef21423338a0434e7', 'Bag of Grins', @current_album, 'OGG', 78336000, '/storage/emulated/0/Music/Red Hot Chili Peppers/Return of the Dream Canteen/Bag of Grins', True);
INSERT INTO `File` VALUES ('0x60fcd99bfefec2709677db654e35f752', 'La La La La La La La La', @current_album, 'FLAC', 231109365, '~/home/srichenberg/Music/Red Hot Chili Peppers/Return of the Dream Canteen/La La La La La La La La', False);
INSERT INTO `File` VALUES ('0x7a9ad95cbc406eb43ac0d3b965e16784', 'La La La La La La La La', @current_album, 'OGG', 60672000, '/storage/emulated/0/Music/Red Hot Chili Peppers/Return of the Dream Canteen/La La La La La La La La', True);
INSERT INTO `File` VALUES ('0xf5fc2ee2344f5c7215436844c6b0d72a', 'Copperbelly', @current_album, 'FLAC', 263522925, '~/home/srichenberg/Music/Red Hot Chili Peppers/Return of the Dream Canteen/Copperbelly', False);
INSERT INTO `File` VALUES ('0x1d5e737acba0c22daf4fb47778575a81', 'Copperbelly', @current_album, 'OGG', 57600000, '/storage/emulated/0/Music/Red Hot Chili Peppers/Return of the Dream Canteen/Copperbelly', True);
INSERT INTO `File` VALUES ('0xbdb3eedeaf9132b1ac4fc04f9a21eac3', 'Carry Me Home', @current_album, 'FLAC', 295687931, '~/home/srichenberg/Music/Red Hot Chili Peppers/Return of the Dream Canteen/Carry Me Home', False);
INSERT INTO `File` VALUES ('0xcd4a81b319c293bb149d9e8f3765014e', 'Carry Me Home', @current_album, 'OGG', 64768000, '/storage/emulated/0/Music/Red Hot Chili Peppers/Return of the Dream Canteen/Carry Me Home', True);
INSERT INTO `File` VALUES ('0xb8457448f8be9ea52c81c04df7686f7f', 'In the Snow', @current_album, 'FLAC', 395123875, '~/home/srichenberg/Music/Red Hot Chili Peppers/Return of the Dream Canteen/In the Snow', False);
INSERT INTO `File` VALUES ('0x0efc01432534db542ec1bb14095d2085', 'In the Snow', @current_album, 'OGG', 90880000, '/storage/emulated/0/Music/Red Hot Chili Peppers/Return of the Dream Canteen/In the Snow', True);
INSERT INTO CD_Personnel VALUES (@current_album, 'Julien Calemard');
INSERT INTO CD_Personnel VALUES (@current_album, 'Jason Lader');
INSERT INTO CD_Personnel VALUES (@current_album, 'John Frusciante');
INSERT INTO CD_Personnel VALUES (@current_album, 'Jonathan Pfarr');
INSERT INTO CD_Personnel VALUES (@current_album, 'Thami Nabil');
INSERT INTO CD_Personnel VALUES (@current_album, 'Eric Lynn');
INSERT INTO CD_Personnel VALUES (@current_album, 'Bernie Grundman');
INSERT INTO CD_Personnel VALUES (@current_album, 'Sami Bañuelos');
INSERT INTO CD_Personnel VALUES (@current_album, 'Charlie Bolois');
INSERT INTO CD_Personnel VALUES (@current_album, 'Anthony Kiedis');
INSERT INTO CD_Personnel VALUES (@current_album, 'Clara Balzary');
INSERT INTO CD_Personnel VALUES (@current_album, 'Aura T-09');
INSERT INTO CD_Personnel VALUES (@current_album, 'Lenny Castro');
INSERT INTO CD_Personnel VALUES (@current_album, 'Chaz Sexton');
INSERT INTO CD_Personnel VALUES (@current_album, 'Gage Freeman');
INSERT INTO CD_Personnel VALUES (@current_album, 'Sarah Zoraya');
INSERT INTO CD_Personnel VALUES (@current_album, 'Ethan Mates');
INSERT INTO CD_Personnel VALUES (@current_album, 'Nathaniel Walcott');
INSERT INTO CD_Personnel VALUES (@current_album, 'Flea');
INSERT INTO CD_Personnel VALUES (@current_album, 'Jeremy Lubsey');
INSERT INTO CD_Personnel VALUES (@current_album, 'Rick Rubin');
INSERT INTO CD_Personnel VALUES (@current_album, 'Vikram Devasthali');
INSERT INTO CD_Personnel VALUES (@current_album, 'Mauro Refosco');
INSERT INTO CD_Personnel VALUES (@current_album, 'Chad Smith');
INSERT INTO CD_Personnel VALUES (@current_album, 'Dylan Neustadter');
INSERT INTO CD_Personnel VALUES (@current_album, 'Vlado Meller');
INSERT INTO CD_Personnel VALUES (@current_album, 'Bo Bodnar');
INSERT INTO CD_Personnel VALUES (@current_album, 'Ryan Hewitt');
INSERT INTO CD_Personnel VALUES (@current_album, 'Josh Johnson');
INSERT INTO CD_Personnel VALUES (@current_album, 'Henry Trejo');
INSERT INTO CD_Personnel VALUES (@current_album, 'Chris Warren');
INSERT INTO CD_Personnel VALUES (@current_album, 'Lawrence Malchose');
INSERT INTO CD_Personnel VALUES (@current_album, 'Phillip Broussard Jr.');

-- Freaky Styley
INSERT INTO CD (Title, `Year`, `Location`) VALUES ('Freaky Styley', 1989, 'Home CD Library');
SET @current_album = LAST_INSERT_ID();
INSERT INTO CD_Artist VALUES (@current_album, 'Red Hot Chili Peppers');
INSERT INTO Track (Title, CD_ID, Length) VALUES ('Jungle Man', @current_album, '00:04:09');
INSERT INTO Track (Title, CD_ID, Length) VALUES ('Hollywood', @current_album, '00:05:03');
INSERT INTO Track (Title, CD_ID, Length) VALUES ('American Ghost Dance', @current_album, '00:03:45');
INSERT INTO Track (Title, CD_ID, Length) VALUES ('If You Want Me to Stay', @current_album, '00:04:07');
INSERT INTO Track (Title, CD_ID, Length) VALUES ('Nevermind', @current_album, '00:02:48');
INSERT INTO Track (Title, CD_ID, Length) VALUES ('Freaky Styley', @current_album, '00:03:38');
INSERT INTO Track (Title, CD_ID, Length) VALUES ('Blackeyed Blonde', @current_album, '00:02:40');
INSERT INTO Track (Title, CD_ID, Length) VALUES ('The Brothers Cup', @current_album, '00:03:27');
INSERT INTO Track (Title, CD_ID, Length) VALUES ('Battle Ship', @current_album, '00:01:53');
INSERT INTO Track (Title, CD_ID, Length) VALUES ("Lovin' and Touchin'", @current_album, '00:00:36');
INSERT INTO Track (Title, CD_ID, Length) VALUES ('Catholic School Girls Rule', @current_album, '00:01:55');
INSERT INTO Track (Title, CD_ID, Length) VALUES ('Sex Rap', @current_album, '00:01:54');
INSERT INTO Track (Title, CD_ID, Length) VALUES ('Thirty Dirty Birds', @current_album, '00:00:14');
INSERT INTO Track (Title, CD_ID, Length) VALUES ('Yertle the Turtle', @current_album, '00:03:37');
INSERT INTO `File` VALUES ('0xa94e8427549fd076d099fedefc5b9908', 'Jungle Man', @current_album, 'FLAC', 226430889, '~/home/srichenberg/Music/Red Hot Chili Peppers/Freaky Styley/Jungle Man', False);
INSERT INTO `File` VALUES ('0xd9f61b61043561bb91eda089c65a9670', 'Jungle Man', @current_album, 'AIFF', 47808000, 'C:\\\\Users\\srichenberg\\Music\\Red Hot Chili Peppers\\Freaky Styley\\Jungle Man', False);
INSERT INTO `File` VALUES ('0x4662d852cddf4fd69575e917ddb6c7b5', 'Jungle Man', @current_album, 'OGG', 67728000, '/storage/emulated/0/Music/Red Hot Chili Peppers/Freaky Styley/Jungle Man', True);
INSERT INTO `File` VALUES ('0x9187310d6ef3d0bc022b3f148dfbb1b3', 'Hollywood', @current_album, 'FLAC', 334646229, '~/home/srichenberg/Music/Red Hot Chili Peppers/Freaky Styley/Hollywood', False);
INSERT INTO `File` VALUES ('0x8fb95f7c59e839c6559b568e9c25ef15', 'Hollywood', @current_album, 'AIFF', 58176000, 'C:\\\\Users\\srichenberg\\Music\\Red Hot Chili Peppers\\Freaky Styley\\Hollywood', False);
INSERT INTO `File` VALUES ('0xaab93ed20f31b35bd797e377dacdc434', 'Hollywood', @current_album, 'OGG', 82416000, '/storage/emulated/0/Music/Red Hot Chili Peppers/Freaky Styley/Hollywood', True);
INSERT INTO `File` VALUES ('0x3a9abfcc73e00f4649ade22bc59d1b6d', 'American Ghost Dance', @current_album, 'FLAC', 230060925, '~/home/srichenberg/Music/Red Hot Chili Peppers/Freaky Styley/American Ghost Dance', False);
INSERT INTO `File` VALUES ('0x5aa16533aef5fc11e4c60f1b6340bc35', 'American Ghost Dance', @current_album, 'AIFF', 43200000, 'C:\\\\Users\\srichenberg\\Music\\Red Hot Chili Peppers\\Freaky Styley\\American Ghost Dance', False);
INSERT INTO `File` VALUES ('0xf71135ee32d560d692782642f85d769a', 'American Ghost Dance', @current_album, 'OGG', 61200000, '/storage/emulated/0/Music/Red Hot Chili Peppers/Freaky Styley/American Ghost Dance', True);
INSERT INTO `File` VALUES ('0xafa9f43972bd048e7babdd52cf674f65', 'If You Want Me to Stay', @current_album, 'FLAC', 289289858, '~/home/srichenberg/Music/Red Hot Chili Peppers/Freaky Styley/If You Want Me to Stay', False);
INSERT INTO `File` VALUES ('0x0e631ccd1ec128b93fceb3990366fa01', 'If You Want Me to Stay', @current_album, 'AIFF', 47424000, 'C:\\\\Users\\srichenberg\\Music\\Red Hot Chili Peppers\\Freaky Styley\\If You Want Me to Stay', False);
INSERT INTO `File` VALUES ('0x2d40c3a85d4bc7e688578f9ae7293137', 'If You Want Me to Stay', @current_album, 'OGG', 67184000, '/storage/emulated/0/Music/Red Hot Chili Peppers/Freaky Styley/If You Want Me to Stay', True);
INSERT INTO `File` VALUES ('0xb6c26cf32c570525a0d3dbaacc861dc9', 'Nevermind', @current_album, 'FLAC', 205672488, '~/home/srichenberg/Music/Red Hot Chili Peppers/Freaky Styley/Nevermind', False);
INSERT INTO `File` VALUES ('0xc1d06d10067ac8471cc1c5d88f07bb13', 'Nevermind', @current_album, 'AIFF', 32256000, 'C:\\\\Users\\srichenberg\\Music\\Red Hot Chili Peppers\\Freaky Styley\\Nevermind', False);
INSERT INTO `File` VALUES ('0xcc5679caf7362f337adc3cffe3cca052', 'Nevermind', @current_album, 'OGG', 45696000, '/storage/emulated/0/Music/Red Hot Chili Peppers/Freaky Styley/Nevermind', True);
INSERT INTO `File` VALUES ('0xcfc32e39f5f19950f9c24e1d3896b4bd', 'Freaky Styley', @current_album, 'FLAC', 209950350, '~/home/srichenberg/Music/Red Hot Chili Peppers/Freaky Styley/Freaky Styley', False);
INSERT INTO `File` VALUES ('0x04a07a412ad3b7ffab570f4005e2224f', 'Freaky Styley', @current_album, 'AIFF', 41856000, 'C:\\\\Users\\srichenberg\\Music\\Red Hot Chili Peppers\\Freaky Styley\\Freaky Styley', False);
INSERT INTO `File` VALUES ('0xeb2cfacb1ad745980eb55306d9e79685', 'Freaky Styley', @current_album, 'OGG', 59296000, '/storage/emulated/0/Music/Red Hot Chili Peppers/Freaky Styley/Freaky Styley', True);
INSERT INTO `File` VALUES ('0xf508add8d6ad227b77f1cc678489ce9b', 'Blackeyed Blonde', @current_album, 'FLAC', 163705120, '~/home/srichenberg/Music/Red Hot Chili Peppers/Freaky Styley/Blackeyed Blonde', False);
INSERT INTO `File` VALUES ('0x25e1aa9781ce55a8ebc3a40ce0d75fe0', 'Blackeyed Blonde', @current_album, 'AIFF', 30720000, 'C:\\\\Users\\srichenberg\\Music\\Red Hot Chili Peppers\\Freaky Styley\\Blackeyed Blonde', False);
INSERT INTO `File` VALUES ('0x9cf81792d0b8e6ab9199a3604414a915', 'Blackeyed Blonde', @current_album, 'OGG', 43520000, '/storage/emulated/0/Music/Red Hot Chili Peppers/Freaky Styley/Blackeyed Blonde', True);
INSERT INTO `File` VALUES ('0x7e1900c9f5a4d42ed4986eff1944635b', 'The Brothers Cup', @current_album, 'FLAC', 217785528, '~/home/srichenberg/Music/Red Hot Chili Peppers/Freaky Styley/The Brothers Cup', False);
INSERT INTO `File` VALUES ('0x19fd6aee9ae1a24a349a70ea5d1c53b1', 'The Brothers Cup', @current_album, 'AIFF', 39744000, 'C:\\\\Users\\srichenberg\\Music\\Red Hot Chili Peppers\\Freaky Styley\\The Brothers Cup', False);
INSERT INTO `File` VALUES ('0x0b792ee1e3cdca4048ef6a6eba4c108e', 'The Brothers Cup', @current_album, 'OGG', 56304000, '/storage/emulated/0/Music/Red Hot Chili Peppers/Freaky Styley/The Brothers Cup', True);
INSERT INTO `File` VALUES ('0x03df440acaf9e0abd64959fb15a7586c', 'Battle Ship', @current_album, 'FLAC', 100511127, '~/home/srichenberg/Music/Red Hot Chili Peppers/Freaky Styley/Battle Ship', False);
INSERT INTO `File` VALUES ('0xa253bf715afbd47c6e37a0f5224cca71', 'Battle Ship', @current_album, 'AIFF', 21696000, 'C:\\\\Users\\srichenberg\\Music\\Red Hot Chili Peppers\\Freaky Styley\\Battle Ship', False);
INSERT INTO `File` VALUES ('0xc5f51b2208bd40b7bcfe29b7855fcb51', 'Battle Ship', @current_album, 'OGG', 30736000, '/storage/emulated/0/Music/Red Hot Chili Peppers/Freaky Styley/Battle Ship', True);
INSERT INTO `File` VALUES ('0x0b6cec6818048af2b9688c981ae58ffc', "Lovin' and Touchin'", @current_album, 'FLAC', 37093788, "~/home/srichenberg/Music/Red Hot Chili Peppers/Freaky Styley/Lovin' and Touchin'", False);
INSERT INTO `File` VALUES ('0x69ad81504b364d02fed6ef88a19b1408', "Lovin' and Touchin'", @current_album, 'AIFF', 6912000, "C:\\\\Users\\srichenberg\\Music\\Red Hot Chili Peppers\\Freaky Styley\\Lovin' and Touchin'", False);
INSERT INTO `File` VALUES ('0xac259a9e633da4945555bc48580820dc', "Lovin' and Touchin'", @current_album, 'OGG', 9792000, "/storage/emulated/0/Music/Red Hot Chili Peppers/Freaky Styley/Lovin' and Touchin'", True);
INSERT INTO `File` VALUES ('0xae403d3e8df28bbbae7c2118c7c918c3', 'Catholic School Girls Rule', @current_album, 'FLAC', 123661915, '~/home/srichenberg/Music/Red Hot Chili Peppers/Freaky Styley/Catholic School Girls Rule', False);
INSERT INTO `File` VALUES ('0x28b63c7a3463a58838deb8ce97c342a7', 'Catholic School Girls Rule', @current_album, 'AIFF', 22080000, 'C:\\\\Users\\srichenberg\\Music\\Red Hot Chili Peppers\\Freaky Styley\\Catholic School Girls Rule', False);
INSERT INTO `File` VALUES ('0x45a30fdd4e2758ede8a2cd47e0f9e96f', 'Catholic School Girls Rule', @current_album, 'OGG', 31280000, '/storage/emulated/0/Music/Red Hot Chili Peppers/Freaky Styley/Catholic School Girls Rule', True);
INSERT INTO `File` VALUES ('0x85f2deb204ffc20e8ecc3aa2af1d2434', 'Sex Rap', @current_album, 'FLAC', 134803632, '~/home/srichenberg/Music/Red Hot Chili Peppers/Freaky Styley/Sex Rap', False);
INSERT INTO `File` VALUES ('0xd0a6611eaa059179197abbe308e1e1f4', 'Sex Rap', @current_album, 'AIFF', 21888000, 'C:\\\\Users\\srichenberg\\Music\\Red Hot Chili Peppers\\Freaky Styley\\Sex Rap', False);
INSERT INTO `File` VALUES ('0x3902fe8844fb00b4859887291ad2502a', 'Sex Rap', @current_album, 'OGG', 31008000, '/storage/emulated/0/Music/Red Hot Chili Peppers/Freaky Styley/Sex Rap', True);
INSERT INTO `File` VALUES ('0x367a099891b29ec57a4decf7a81fd07c', 'Thirty Dirty Birds', @current_album, 'FLAC', 16736482, '~/home/srichenberg/Music/Red Hot Chili Peppers/Freaky Styley/Thirty Dirty Birds', False);
INSERT INTO `File` VALUES ('0x19bfc670df27e366c449bf51422be2e2', 'Thirty Dirty Birds', @current_album, 'AIFF', 2688000, 'C:\\\\Users\\srichenberg\\Music\\Red Hot Chili Peppers\\Freaky Styley\\Thirty Dirty Birds', False);
INSERT INTO `File` VALUES ('0xe4305524c69905c67fdf818187c371c8', 'Thirty Dirty Birds', @current_album, 'OGG', 3808000, '/storage/emulated/0/Music/Red Hot Chili Peppers/Freaky Styley/Thirty Dirty Birds', True);
INSERT INTO `File` VALUES ('0x89c8ffb654ed92d4dfca2cb859d0b502', 'Yertle the Turtle', @current_album, 'FLAC', 198781114, '~/home/srichenberg/Music/Red Hot Chili Peppers/Freaky Styley/Yertle the Turtle', False);
INSERT INTO `File` VALUES ('0xb3084b25f4608e5d574be96effc88716', 'Yertle the Turtle', @current_album, 'AIFF', 41664000, 'C:\\\\Users\\srichenberg\\Music\\Red Hot Chili Peppers\\Freaky Styley\\Yertle the Turtle', False);
INSERT INTO `File` VALUES ('0x683c1d47e97bdbe59fddd6a64b1d3c35', 'Yertle the Turtle', @current_album, 'OGG', 59024000, '/storage/emulated/0/Music/Red Hot Chili Peppers/Freaky Styley/Yertle the Turtle', True);
INSERT INTO CD_Personnel VALUES (@current_album, 'Anthony Kiedis');
INSERT INTO CD_Personnel VALUES (@current_album, 'Peter Shea');
INSERT INTO CD_Personnel VALUES (@current_album, 'Garry Shider');
INSERT INTO CD_Personnel VALUES (@current_album, 'Mike "Clip" Payne');
INSERT INTO CD_Personnel VALUES (@current_album, 'Cliff Martinez');
INSERT INTO CD_Personnel VALUES (@current_album, 'Hillel Slovak');
INSERT INTO CD_Personnel VALUES (@current_album, 'Andre Foxxe');
INSERT INTO CD_Personnel VALUES (@current_album, 'Steve Boyd');
INSERT INTO CD_Personnel VALUES (@current_album, 'Joel Virgel');
INSERT INTO CD_Personnel VALUES (@current_album, 'Fred Wesley');
INSERT INTO CD_Personnel VALUES (@current_album, 'Henry Marquex');
INSERT INTO CD_Personnel VALUES (@current_album, 'Lous "Bro" Kabbabie');
INSERT INTO CD_Personnel VALUES (@current_album, 'Pat Lewis');
INSERT INTO CD_Personnel VALUES (@current_album, 'Robert "Peanut" Johnson');
INSERT INTO CD_Personnel VALUES (@current_album, 'Benny Cowan');
INSERT INTO CD_Personnel VALUES (@current_album, 'Red Hot Chili Peppers');
INSERT INTO CD_Personnel VALUES (@current_album, 'Jim "JB" Baurlein');
INSERT INTO CD_Personnel VALUES (@current_album, 'Ron McMaster');
INSERT INTO CD_Personnel VALUES (@current_album, 'Joe Sherman');
INSERT INTO CD_Personnel VALUES (@current_album, 'Larry Fratangelo');
INSERT INTO CD_Personnel VALUES (@current_album, 'Muruga Booker');
INSERT INTO CD_Personnel VALUES (@current_album, 'Shirley Hayden');
INSERT INTO CD_Personnel VALUES (@current_album, 'Flea');
INSERT INTO CD_Personnel VALUES (@current_album, 'Uncredited');
INSERT INTO CD_Personnel VALUES (@current_album, 'George Clinton');
INSERT INTO CD_Personnel VALUES (@current_album, 'Maceo Parker');
INSERT INTO CD_Personnel VALUES (@current_album, 'John Bauer');
INSERT INTO CD_Personnel VALUES (@current_album, 'Jim Vitti');
INSERT INTO CD_Personnel VALUES (@current_album, 'Greg Ward');
INSERT INTO CD_Personnel VALUES (@current_album, 'Sly Stone');
INSERT INTO CD_Personnel VALUES (@current_album, 'The Meters');
INSERT INTO CD_Personnel VALUES (@current_album, 'Nels Israelson');
INSERT INTO CD_Personnel VALUES (@current_album, 'Bruce Nazarian');

-- Blood Sugar
INSERT INTO CD (Title, `Year`, `Location`) VALUES ('Blood Sugar Sex Magik', 1991, 'Home CD Library');
SET @current_album = LAST_INSERT_ID();
INSERT INTO CD_Artist VALUES (@current_album, 'Red Hot Chili Peppers');
INSERT INTO Track (Title, CD_ID, Length) VALUES ('The Power of Equality', @current_album, '00:04:05');
INSERT INTO Track (Title, CD_ID, Length) VALUES ('If You Have to Ask', @current_album, '00:03:38');
INSERT INTO Track (Title, CD_ID, Length) VALUES ('Breaking the Girl', @current_album, '00:04:57');
INSERT INTO Track (Title, CD_ID, Length) VALUES ('Funky Monks', @current_album, '00:05:25');
INSERT INTO Track (Title, CD_ID, Length) VALUES ('Suck My Kiss', @current_album, '00:03:39');
INSERT INTO Track (Title, CD_ID, Length) VALUES ('I Could Have Lied', @current_album, '00:04:06');
INSERT INTO Track (Title, CD_ID, Length) VALUES ('Mellowship Slinky in B major', @current_album, '00:04:02');
INSERT INTO Track (Title, CD_ID, Length) VALUES ('The Righteous & the Wicked', @current_album, '00:04:10');
INSERT INTO Track (Title, CD_ID, Length) VALUES ('Give It Away', @current_album, '00:04:44');
INSERT INTO Track (Title, CD_ID, Length) VALUES ('Blood Sugar Sex Magik', @current_album, '00:04:33');
INSERT INTO Track (Title, CD_ID, Length) VALUES ('Under the Bridge', @current_album, '00:04:26');
INSERT INTO Track (Title, CD_ID, Length) VALUES ('Naked in the Rain', @current_album, '00:04:27');
INSERT INTO Track (Title, CD_ID, Length) VALUES ('Apache Rose Peacock', @current_album, '00:04:44');
INSERT INTO Track (Title, CD_ID, Length) VALUES ('The Greeting Song', @current_album, '00:03:15');
INSERT INTO Track (Title, CD_ID, Length) VALUES ('My Lovely Man', @current_album, '00:04:41');
INSERT INTO Track (Title, CD_ID, Length) VALUES ('Sir Psycho Sexy', @current_album, '00:08:18');
INSERT INTO Track (Title, CD_ID, Length) VALUES ("They're Red Hot", @current_album, '00:01:11');
INSERT INTO `File` VALUES ('0x48942b74e95e2c4e159616e28c7fc057', 'The Power of Equality', @current_album, 'MP3', 66640000, '~/home/srichenberg/Music/Red Hot Chili Peppers/Blood Sugar Sex Magik/The Power of Equality', True);
INSERT INTO `File` VALUES ('0x91b9b6589933c5a1562c0b31c49f3106', 'The Power of Equality', @current_album, 'AIFF', 66640000, 'C:\\\\Users\\srichenberg\\Music\\Red Hot Chili Peppers\\Blood Sugar Sex Magik\\The Power of Equality', False);
INSERT INTO `File` VALUES ('0xa77a97554f5f94993be6990a23b243fc', 'The Power of Equality', @current_album, 'OGG', 64680000, '/storage/emulated/0/Music/Red Hot Chili Peppers/Blood Sugar Sex Magik/The Power of Equality', True);
INSERT INTO `File` VALUES ('0x96c866def8db4a841405722abad0c3ae', 'If You Have to Ask', @current_album, 'MP3', 59296000, '~/home/srichenberg/Music/Red Hot Chili Peppers/Blood Sugar Sex Magik/If You Have to Ask', True);
INSERT INTO `File` VALUES ('0x2a53e4de95dfa672a09ff52bdad4c6d1', 'If You Have to Ask', @current_album, 'AIFF', 59296000, 'C:\\\\Users\\srichenberg\\Music\\Red Hot Chili Peppers\\Blood Sugar Sex Magik\\If You Have to Ask', False);
INSERT INTO `File` VALUES ('0x3a2c74ef7824d6c66385587cb6ccfe2d', 'If You Have to Ask', @current_album, 'OGG', 57552000, '/storage/emulated/0/Music/Red Hot Chili Peppers/Blood Sugar Sex Magik/If You Have to Ask', True);
INSERT INTO `File` VALUES ('0x17ee15d4ded948c693e077c6c5d2a8c8', 'Breaking the Girl', @current_album, 'MP3', 80784000, '~/home/srichenberg/Music/Red Hot Chili Peppers/Blood Sugar Sex Magik/Breaking the Girl', True);
INSERT INTO `File` VALUES ('0x9682e08282720ae43adbc244088b6769', 'Breaking the Girl', @current_album, 'AIFF', 80784000, 'C:\\\\Users\\srichenberg\\Music\\Red Hot Chili Peppers\\Blood Sugar Sex Magik\\Breaking the Girl', False);
INSERT INTO `File` VALUES ('0x15a4b8aa845dd6119718ad8755e941da', 'Breaking the Girl', @current_album, 'OGG', 78408000, '/storage/emulated/0/Music/Red Hot Chili Peppers/Blood Sugar Sex Magik/Breaking the Girl', True);
INSERT INTO `File` VALUES ('0xaf8f0f682bbde918aff8f55362e411af', 'Funky Monks', @current_album, 'MP3', 88400000, '~/home/srichenberg/Music/Red Hot Chili Peppers/Blood Sugar Sex Magik/Funky Monks', True);
INSERT INTO `File` VALUES ('0x9d28298230c0f2c9b4f4a9925ee6cc1d', 'Funky Monks', @current_album, 'AIFF', 88400000, 'C:\\\\Users\\srichenberg\\Music\\Red Hot Chili Peppers\\Blood Sugar Sex Magik\\Funky Monks', False);
INSERT INTO `File` VALUES ('0x3191193796d7d20443d49eb149931b9a', 'Funky Monks', @current_album, 'OGG', 85800000, '/storage/emulated/0/Music/Red Hot Chili Peppers/Blood Sugar Sex Magik/Funky Monks', True);
INSERT INTO `File` VALUES ('0x1c0e8094edf64e2519094aeadc95e40a', 'Suck My Kiss', @current_album, 'MP3', 59568000, '~/home/srichenberg/Music/Red Hot Chili Peppers/Blood Sugar Sex Magik/Suck My Kiss', True);
INSERT INTO `File` VALUES ('0x715bf10ccb56b3884fa0fcb3290cdcd3', 'Suck My Kiss', @current_album, 'AIFF', 59568000, 'C:\\\\Users\\srichenberg\\Music\\Red Hot Chili Peppers\\Blood Sugar Sex Magik\\Suck My Kiss', False);
INSERT INTO `File` VALUES ('0xee45dd6655f966fb6fa58a1cf5d5c668', 'Suck My Kiss', @current_album, 'OGG', 57816000, '/storage/emulated/0/Music/Red Hot Chili Peppers/Blood Sugar Sex Magik/Suck My Kiss', True);
INSERT INTO `File` VALUES ('0xcb3c0bb7b1663809bb56b540bf9e5a8f', 'I Could Have Lied', @current_album, 'MP3', 66912000, '~/home/srichenberg/Music/Red Hot Chili Peppers/Blood Sugar Sex Magik/I Could Have Lied', True);
INSERT INTO `File` VALUES ('0x238268d74cb13c1b3e3eb4e2aa42153b', 'I Could Have Lied', @current_album, 'AIFF', 66912000, 'C:\\\\Users\\srichenberg\\Music\\Red Hot Chili Peppers\\Blood Sugar Sex Magik\\I Could Have Lied', False);
INSERT INTO `File` VALUES ('0xce63145740a63eb90ed91e8e8142ab34', 'I Could Have Lied', @current_album, 'OGG', 64944000, '/storage/emulated/0/Music/Red Hot Chili Peppers/Blood Sugar Sex Magik/I Could Have Lied', True);
INSERT INTO `File` VALUES ('0x4cf2aab5b982ad33ea5a3a4fc700cc3e', 'Mellowship Slinky in B major', @current_album, 'MP3', 65824000, '~/home/srichenberg/Music/Red Hot Chili Peppers/Blood Sugar Sex Magik/Mellowship Slinky in B major', True);
INSERT INTO `File` VALUES ('0x1dda0ca6946636f9fa3e8c11b6f0c67f', 'Mellowship Slinky in B major', @current_album, 'AIFF', 65824000, 'C:\\\\Users\\srichenberg\\Music\\Red Hot Chili Peppers\\Blood Sugar Sex Magik\\Mellowship Slinky in B major', False);
INSERT INTO `File` VALUES ('0x64c9e82401ecd11acfc0415b71c525f8', 'Mellowship Slinky in B major', @current_album, 'OGG', 63888000, '/storage/emulated/0/Music/Red Hot Chili Peppers/Blood Sugar Sex Magik/Mellowship Slinky in B major', True);
INSERT INTO `File` VALUES ('0xfe57c8f19318b0f66472244ebde1d58b', 'The Righteous & the Wicked', @current_album, 'MP3', 68000000, '~/home/srichenberg/Music/Red Hot Chili Peppers/Blood Sugar Sex Magik/The Righteous & the Wicked', True);
INSERT INTO `File` VALUES ('0x0292633b553e2676d750cc7c868ccba5', 'The Righteous & the Wicked', @current_album, 'AIFF', 68000000, 'C:\\\\Users\\srichenberg\\Music\\Red Hot Chili Peppers\\Blood Sugar Sex Magik\\The Righteous & the Wicked', False);
INSERT INTO `File` VALUES ('0x849c793f416d35c85a55b7ef52b4315f', 'The Righteous & the Wicked', @current_album, 'OGG', 66000000, '/storage/emulated/0/Music/Red Hot Chili Peppers/Blood Sugar Sex Magik/The Righteous & the Wicked', True);
INSERT INTO `File` VALUES ('0xa9ac4b50bbe0bd20646f32696680a391', 'Give It Away', @current_album, 'MP3', 77248000, '~/home/srichenberg/Music/Red Hot Chili Peppers/Blood Sugar Sex Magik/Give It Away', True);
INSERT INTO `File` VALUES ('0xe7e718ab065777ba0fd21897edef193c', 'Give It Away', @current_album, 'AIFF', 77248000, 'C:\\\\Users\\srichenberg\\Music\\Red Hot Chili Peppers\\Blood Sugar Sex Magik\\Give It Away', False);
INSERT INTO `File` VALUES ('0xd6f0b6176ea404821405b0b3b15e8600', 'Give It Away', @current_album, 'OGG', 74976000, '/storage/emulated/0/Music/Red Hot Chili Peppers/Blood Sugar Sex Magik/Give It Away', True);
INSERT INTO `File` VALUES ('0x84178a811da820b25ce20f990faee0e3', 'Blood Sugar Sex Magik', @current_album, 'MP3', 74256000, '~/home/srichenberg/Music/Red Hot Chili Peppers/Blood Sugar Sex Magik/Blood Sugar Sex Magik', True);
INSERT INTO `File` VALUES ('0x06445f20140a40210b0c34824339344d', 'Blood Sugar Sex Magik', @current_album, 'AIFF', 74256000, 'C:\\\\Users\\srichenberg\\Music\\Red Hot Chili Peppers\\Blood Sugar Sex Magik\\Blood Sugar Sex Magik', False);
INSERT INTO `File` VALUES ('0x1265da18e70b975747dea74bd5c05322', 'Blood Sugar Sex Magik', @current_album, 'OGG', 72072000, '/storage/emulated/0/Music/Red Hot Chili Peppers/Blood Sugar Sex Magik/Blood Sugar Sex Magik', True);
INSERT INTO `File` VALUES ('0xc43b800592acb285be0b145489c225da', 'Under the Bridge', @current_album, 'MP3', 72352000, '~/home/srichenberg/Music/Red Hot Chili Peppers/Blood Sugar Sex Magik/Under the Bridge', True);
INSERT INTO `File` VALUES ('0xb94cf8e0d6dcb76eb7e147147ae841a7', 'Under the Bridge', @current_album, 'AIFF', 72352000, 'C:\\\\Users\\srichenberg\\Music\\Red Hot Chili Peppers\\Blood Sugar Sex Magik\\Under the Bridge', False);
INSERT INTO `File` VALUES ('0x5cdd2579c4a12900d11c1dd2c15b85a6', 'Under the Bridge', @current_album, 'OGG', 70224000, '/storage/emulated/0/Music/Red Hot Chili Peppers/Blood Sugar Sex Magik/Under the Bridge', True);
INSERT INTO `File` VALUES ('0x923e934b7e9b0d6f39a7b38ff4a42df2', 'Naked in the Rain', @current_album, 'MP3', 72624000, '~/home/srichenberg/Music/Red Hot Chili Peppers/Blood Sugar Sex Magik/Naked in the Rain', True);
INSERT INTO `File` VALUES ('0x2fc9e9cf18955857b4754731679f7218', 'Naked in the Rain', @current_album, 'AIFF', 72624000, 'C:\\\\Users\\srichenberg\\Music\\Red Hot Chili Peppers\\Blood Sugar Sex Magik\\Naked in the Rain', False);
INSERT INTO `File` VALUES ('0x530284b4554191c7f41c2e85ccd7c5bf', 'Naked in the Rain', @current_album, 'OGG', 70488000, '/storage/emulated/0/Music/Red Hot Chili Peppers/Blood Sugar Sex Magik/Naked in the Rain', True);
INSERT INTO `File` VALUES ('0x7b050f1123c0b8aa09e64853060a61b6', 'Apache Rose Peacock', @current_album, 'MP3', 77248000, '~/home/srichenberg/Music/Red Hot Chili Peppers/Blood Sugar Sex Magik/Apache Rose Peacock', True);
INSERT INTO `File` VALUES ('0xd67411390764dce340afc7114452a98d', 'Apache Rose Peacock', @current_album, 'AIFF', 77248000, 'C:\\\\Users\\srichenberg\\Music\\Red Hot Chili Peppers\\Blood Sugar Sex Magik\\Apache Rose Peacock', False);
INSERT INTO `File` VALUES ('0x3c6379e5b177c975e214eb48359d1981', 'Apache Rose Peacock', @current_album, 'OGG', 74976000, '/storage/emulated/0/Music/Red Hot Chili Peppers/Blood Sugar Sex Magik/Apache Rose Peacock', True);
INSERT INTO `File` VALUES ('0x1830762f9b6e9cab7226bb5ce757dc56', 'The Greeting Song', @current_album, 'MP3', 53040000, '~/home/srichenberg/Music/Red Hot Chili Peppers/Blood Sugar Sex Magik/The Greeting Song', True);
INSERT INTO `File` VALUES ('0xe52d7fbae743f6c3cb78a25d05717108', 'The Greeting Song', @current_album, 'AIFF', 53040000, 'C:\\\\Users\\srichenberg\\Music\\Red Hot Chili Peppers\\Blood Sugar Sex Magik\\The Greeting Song', False);
INSERT INTO `File` VALUES ('0x305be60b11521251dc9e7837d8942ac0', 'The Greeting Song', @current_album, 'OGG', 51480000, '/storage/emulated/0/Music/Red Hot Chili Peppers/Blood Sugar Sex Magik/The Greeting Song', True);
INSERT INTO `File` VALUES ('0x4cee41fca28dfd311bf9d95c4728b4be', 'My Lovely Man', @current_album, 'MP3', 76432000, '~/home/srichenberg/Music/Red Hot Chili Peppers/Blood Sugar Sex Magik/My Lovely Man', True);
INSERT INTO `File` VALUES ('0x94c044208acc72a07e61d07cabe41838', 'My Lovely Man', @current_album, 'AIFF', 76432000, 'C:\\\\Users\\srichenberg\\Music\\Red Hot Chili Peppers\\Blood Sugar Sex Magik\\My Lovely Man', False);
INSERT INTO `File` VALUES ('0x334c1c0ea0b6a2be8f62a300cb670c27', 'My Lovely Man', @current_album, 'OGG', 74184000, '/storage/emulated/0/Music/Red Hot Chili Peppers/Blood Sugar Sex Magik/My Lovely Man', True);
INSERT INTO `File` VALUES ('0x4bbd5c190642cd057595c1a5b67b1b1b', 'Sir Psycho Sexy', @current_album, 'MP3', 135456000, '~/home/srichenberg/Music/Red Hot Chili Peppers/Blood Sugar Sex Magik/Sir Psycho Sexy', True);
INSERT INTO `File` VALUES ('0x4d10a6f8811d3cb70292c22749c5563f', 'Sir Psycho Sexy', @current_album, 'AIFF', 135456000, 'C:\\\\Users\\srichenberg\\Music\\Red Hot Chili Peppers\\Blood Sugar Sex Magik\\Sir Psycho Sexy', False);
INSERT INTO `File` VALUES ('0x4230717bd38d7e724b55aa66d1c9ecf5', 'Sir Psycho Sexy', @current_album, 'OGG', 131472000, '/storage/emulated/0/Music/Red Hot Chili Peppers/Blood Sugar Sex Magik/Sir Psycho Sexy', True);
INSERT INTO `File` VALUES ('0x0fe1594c34284fcb5cac94e0cd3bef86', "They're Red Hot", @current_album, 'MP3', 19312000, "~/home/srichenberg/Music/Red Hot Chili Peppers/Blood Sugar Sex Magik/They're Red Hot", True);
INSERT INTO `File` VALUES ('0x486210367109dae118f64a72f8d7eb25', "They're Red Hot", @current_album, 'AIFF', 19312000, "C:\\\\Users\\srichenberg\\Music\\Red Hot Chili Peppers\\Blood Sugar Sex Magik\\They're Red Hot", False);
INSERT INTO `File` VALUES ('0xed874a4b60c70389d2736c77ef9eacc3', "They're Red Hot", @current_album, 'OGG', 18744000, "/storage/emulated/0/Music/Red Hot Chili Peppers/Blood Sugar Sex Magik/They're Red Hot", True);
INSERT INTO CD_Personnel VALUES (@current_album, 'Pete Weiss');
INSERT INTO CD_Personnel VALUES (@current_album, 'Flea');
INSERT INTO CD_Personnel VALUES (@current_album, 'Anthony Kiedis');
INSERT INTO CD_Personnel VALUES (@current_album, 'Rick Rubin');
INSERT INTO CD_Personnel VALUES (@current_album, 'John Frusciante');
INSERT INTO CD_Personnel VALUES (@current_album, "Brendan O'Brien");
INSERT INTO CD_Personnel VALUES (@current_album, 'Gus Van Sant');
INSERT INTO CD_Personnel VALUES (@current_album, 'Chris Holmes');
INSERT INTO CD_Personnel VALUES (@current_album, 'Gail Frusciante and her friends');
INSERT INTO CD_Personnel VALUES (@current_album, 'Howie Weinberg');
INSERT INTO CD_Personnel VALUES (@current_album, 'Chad Smith');

-- ZABA
INSERT INTO CD (Title, `Year`, `Location`) VALUES ('ZABA', 2014, 'Los Osos Public Library');
SET @current_album = LAST_INSERT_ID();
INSERT INTO CD_Artist VALUES (@current_album, 'Glass Animals');
INSERT INTO Track (Title, CD_ID, Length) VALUES ('Flip', @current_album, '00:03:43');
INSERT INTO Track (Title, CD_ID, Length) VALUES ('Black Mambo', @current_album, '00:04:09');
INSERT INTO Track (Title, CD_ID, Length) VALUES ('Pools', @current_album, '00:04:49');
INSERT INTO Track (Title, CD_ID, Length) VALUES ('Gooey', @current_album, '00:04:49');
INSERT INTO Track (Title, CD_ID, Length) VALUES ('Walla Walla', @current_album, '00:03:37');
INSERT INTO Track (Title, CD_ID, Length) VALUES ('Intruxx', @current_album, '00:02:49');
INSERT INTO Track (Title, CD_ID, Length) VALUES ('Hazey', @current_album, '00:04:26');
INSERT INTO Track (Title, CD_ID, Length) VALUES ('Toes', @current_album, '00:04:15');
INSERT INTO Track (Title, CD_ID, Length) VALUES ('Wyrd', @current_album, '00:04:06');
INSERT INTO Track (Title, CD_ID, Length) VALUES ('Cocoa Hooves', @current_album, '00:04:32');
INSERT INTO Track (Title, CD_ID, Length) VALUES ('JDNT / Psylla', @current_album, '00:08:53');
INSERT INTO `File` VALUES ('0x1a519c84ad69395c34c87bb9452d6153', 'Flip', @current_album, 'FLAC', 240868098, '~/home/srichenberg/Music/Glass Animals/ZABA/Flip', False);
INSERT INTO `File` VALUES ('0x83daf68eca178cc10e425e455e95b71c', 'Flip', @current_album, 'OGG', 67792000, '/storage/emulated/0/Music/Glass Animals/ZABA/Flip', True);
INSERT INTO `File` VALUES ('0x00572cf96c1f2bea90e7bbbf289fac61', 'Black Mambo', @current_album, 'FLAC', 253818897, '~/home/srichenberg/Music/Glass Animals/ZABA/Black Mambo', False);
INSERT INTO `File` VALUES ('0x88da5ad68ca4d2eb623e2437f0b96bfc', 'Black Mambo', @current_album, 'OGG', 75696000, '/storage/emulated/0/Music/Glass Animals/ZABA/Black Mambo', True);
INSERT INTO `File` VALUES ('0xed73447fb18ce0e34cbc9d28300510f5', 'Pools', @current_album, 'FLAC', 314877349, '~/home/srichenberg/Music/Glass Animals/ZABA/Pools', False);
INSERT INTO `File` VALUES ('0x97b882d636689fb817ebbc089184a325', 'Pools', @current_album, 'OGG', 87856000, '/storage/emulated/0/Music/Glass Animals/ZABA/Pools', True);
INSERT INTO `File` VALUES ('0xffe0d470f0c2ad71521e5e5ebf74801c', 'Gooey', @current_album, 'FLAC', 274791315, '~/home/srichenberg/Music/Glass Animals/ZABA/Gooey', False);
INSERT INTO `File` VALUES ('0x4f42968dac7b69060ac09a71cb60d748', 'Gooey', @current_album, 'OGG', 87856000, '/storage/emulated/0/Music/Glass Animals/ZABA/Gooey', True);
INSERT INTO `File` VALUES ('0x576dfa95f43222f7ebacc2fbbfa7f494', 'Walla Walla', @current_album, 'FLAC', 216010914, '~/home/srichenberg/Music/Glass Animals/ZABA/Walla Walla', False);
INSERT INTO `File` VALUES ('0xb161ef085336732b00092f53d9c0ede3', 'Walla Walla', @current_album, 'OGG', 65968000, '/storage/emulated/0/Music/Glass Animals/ZABA/Walla Walla', True);
INSERT INTO `File` VALUES ('0x17628b508a04dbbfd009f863d831f383', 'Intruxx', @current_album, 'FLAC', 173517201, '~/home/srichenberg/Music/Glass Animals/ZABA/Intruxx', False);
INSERT INTO `File` VALUES ('0x37cf7cf8ec46df7ad606d443b65b15cd', 'Intruxx', @current_album, 'OGG', 51376000, '/storage/emulated/0/Music/Glass Animals/ZABA/Intruxx', True);
INSERT INTO `File` VALUES ('0xe75453a5f5ba8a3f9f213c3879cfc279', 'Hazey', @current_album, 'FLAC', 307296766, '~/home/srichenberg/Music/Glass Animals/ZABA/Hazey', False);
INSERT INTO `File` VALUES ('0x21a139136a25aba9b6419d83b822c10d', 'Hazey', @current_album, 'OGG', 80864000, '/storage/emulated/0/Music/Glass Animals/ZABA/Hazey', True);
INSERT INTO `File` VALUES ('0x2d7cc2714d0ab273500eb8013db587b7', 'Toes', @current_album, 'FLAC', 267462615, '~/home/srichenberg/Music/Glass Animals/ZABA/Toes', False);
INSERT INTO `File` VALUES ('0xcba6a8948b46b373dcf22a94a61b4e8a', 'Toes', @current_album, 'OGG', 77520000, '/storage/emulated/0/Music/Glass Animals/ZABA/Toes', True);
INSERT INTO `File` VALUES ('0x8abff143fd06e9122a16c2740fda529c', 'Wyrd', @current_album, 'FLAC', 256064106, '~/home/srichenberg/Music/Glass Animals/ZABA/Wyrd', False);
INSERT INTO `File` VALUES ('0x7b0da29211114fcd8739cd62d33f75ba', 'Wyrd', @current_album, 'OGG', 74784000, '/storage/emulated/0/Music/Glass Animals/ZABA/Wyrd', True);
INSERT INTO `File` VALUES ('0x9cfa6b0ab05f744661e3a02710e266a4', 'Cocoa Hooves', @current_album, 'FLAC', 319696016, '~/home/srichenberg/Music/Glass Animals/ZABA/Cocoa Hooves', False);
INSERT INTO `File` VALUES ('0x95fb9adbe0d07d91983d0cffca61b5f0', 'Cocoa Hooves', @current_album, 'OGG', 82688000, '/storage/emulated/0/Music/Glass Animals/ZABA/Cocoa Hooves', True);
INSERT INTO `File` VALUES ('0xe615d99a81d331c27faa98c2aac31fff', 'JDNT / Psylla', @current_album, 'FLAC', 643988189, '~/home/srichenberg/Music/Glass Animals/ZABA/JDNT / Psylla', False);
INSERT INTO `File` VALUES ('0x771d0d349bff9a02da6f6c81c45169a3', 'JDNT / Psylla', @current_album, 'OGG', 162032000, '/storage/emulated/0/Music/Glass Animals/ZABA/JDNT / Psylla', True);
INSERT INTO CD_Personnel VALUES (@current_album, 'Mandy Parnell');
INSERT INTO CD_Personnel VALUES (@current_album, 'Micah Lidberg');
INSERT INTO CD_Personnel VALUES (@current_album, 'Paul Epworth');
INSERT INTO CD_Personnel VALUES (@current_album, 'David Bayley');
INSERT INTO CD_Personnel VALUES (@current_album, 'Glass Animals');
INSERT INTO CD_Personnel VALUES (@current_album, 'Matt Wiggins');
INSERT INTO CD_Personnel VALUES (@current_album, 'David Wrench');
INSERT INTO CD_Personnel VALUES (@current_album, 'Joseph Hartwell Jones');

-- How to be a Human Being
INSERT INTO CD (Title, `Year`, `Location`) VALUES ('How to Be a Human Being', 2016, 'Los Osos Public Library');
SET @current_album = LAST_INSERT_ID();
INSERT INTO CD_Artist VALUES (@current_album, 'Glass Animals');
INSERT INTO Track (Title, CD_ID, Length) VALUES ('Life Itself', @current_album, '00:04:41');
INSERT INTO Track (Title, CD_ID, Length) VALUES ('Youth', @current_album, '00:03:49');
INSERT INTO Track (Title, CD_ID, Length) VALUES ('Season 2 Episode 3', @current_album, '00:04:14');
INSERT INTO Track (Title, CD_ID, Length) VALUES ('Pork Soda', @current_album, '00:04:14');
INSERT INTO Track (Title, CD_ID, Length) VALUES ("Mama's Gun", @current_album, '00:04:27');
INSERT INTO Track (Title, CD_ID, Length) VALUES ('Cane Shuga', @current_album, '00:03:53');
INSERT INTO Track (Title, CD_ID, Length) VALUES ('The Other Side of Paradise', @current_album, '00:05:21');
INSERT INTO Track (Title, CD_ID, Length) VALUES ('Take a Slice', @current_album, '00:03:50');
INSERT INTO Track (Title, CD_ID, Length) VALUES ('Poplar St.', @current_album, '00:04:23');
INSERT INTO Track (Title, CD_ID, Length) VALUES ('Agnes', @current_album, '00:04:32');
INSERT INTO `File` VALUES ('0x7872b78258b6dceaa09a9d11095f4441', 'Life Itself', @current_album, 'FLAC', 279989243, '~/home/srichenberg/Music/Glass Animals/How to Be a Human Being/Life Itself', False);
INSERT INTO `File` VALUES ('0x0be4b5c20f169d3817767fd13ffc5a73', 'Life Itself', @current_album, 'OGG', 78680000, '/storage/emulated/0/Music/Glass Animals/How to Be a Human Being/Life Itself', True);
INSERT INTO `File` VALUES ('0xbfc5c03eae1a34936ce755c0143b8469', 'Youth', @current_album, 'FLAC', 272860599, '~/home/srichenberg/Music/Glass Animals/How to Be a Human Being/Youth', False);
INSERT INTO `File` VALUES ('0xf72be20327430e1e3b0e8477be996af3', 'Youth', @current_album, 'OGG', 64120000, '/storage/emulated/0/Music/Glass Animals/How to Be a Human Being/Youth', True);
INSERT INTO `File` VALUES ('0x337c98b54e0cfc5f1f19d95114739b6f', 'Season 2 Episode 3', @current_album, 'FLAC', 276069044, '~/home/srichenberg/Music/Glass Animals/How to Be a Human Being/Season 2 Episode 3', False);
INSERT INTO `File` VALUES ('0xd27007efe1531d81df17ca16deb42b93', 'Season 2 Episode 3', @current_album, 'OGG', 71120000, '/storage/emulated/0/Music/Glass Animals/How to Be a Human Being/Season 2 Episode 3', True);
INSERT INTO `File` VALUES ('0x11e46abb3f319e273b2571d920c6fc36', 'Pork Soda', @current_album, 'FLAC', 295032938, '~/home/srichenberg/Music/Glass Animals/How to Be a Human Being/Pork Soda', False);
INSERT INTO `File` VALUES ('0xf031f714fd6fa3f29e60507b84ecf954', 'Pork Soda', @current_album, 'OGG', 71120000, '/storage/emulated/0/Music/Glass Animals/How to Be a Human Being/Pork Soda', True);
INSERT INTO `File` VALUES ('0xe85e002f0c57e89aaea720620bfdda4a', "Mama's Gun", @current_album, 'FLAC', 322837443, "~/home/srichenberg/Music/Glass Animals/How to Be a Human Being/Mama's Gun", False);
INSERT INTO `File` VALUES ('0x7f0a2711f8ea8263e2199ecc1621f3a0', "Mama's Gun", @current_album, 'OGG', 74760000, "/storage/emulated/0/Music/Glass Animals/How to Be a Human Being/Mama's Gun", True);
INSERT INTO `File` VALUES ('0x9f3b3be7da8449942f0719a25e7c6de8', 'Cane Shuga', @current_album, 'FLAC', 278402147, '~/home/srichenberg/Music/Glass Animals/How to Be a Human Being/Cane Shuga', False);
INSERT INTO `File` VALUES ('0x2bd63189ec8761c553f938851b1ed3ad', 'Cane Shuga', @current_album, 'OGG', 65240000, '/storage/emulated/0/Music/Glass Animals/How to Be a Human Being/Cane Shuga', True);
INSERT INTO `File` VALUES ('0x18cd2320442a951ee86e0897bce885f1', 'The Other Side of Paradise', @current_album, 'FLAC', 318820410, '~/home/srichenberg/Music/Glass Animals/How to Be a Human Being/The Other Side of Paradise', False);
INSERT INTO `File` VALUES ('0x942b286113d8a0592dec78ce63e5c333', 'The Other Side of Paradise', @current_album, 'OGG', 89880000, '/storage/emulated/0/Music/Glass Animals/How to Be a Human Being/The Other Side of Paradise', True);
INSERT INTO `File` VALUES ('0xcbd0f67f8c40716f3535c223bb8222bc', 'Take a Slice', @current_album, 'FLAC', 222877360, '~/home/srichenberg/Music/Glass Animals/How to Be a Human Being/Take a Slice', False);
INSERT INTO `File` VALUES ('0x0a2667e7983008b86284fb46a412933a', 'Take a Slice', @current_album, 'OGG', 64400000, '/storage/emulated/0/Music/Glass Animals/How to Be a Human Being/Take a Slice', True);
INSERT INTO `File` VALUES ('0x162f1e44dc8d80d3339717f8035caf67', 'Poplar St.', @current_album, 'FLAC', 282604020, '~/home/srichenberg/Music/Glass Animals/How to Be a Human Being/Poplar St.', False);
INSERT INTO `File` VALUES ('0x22e54818923d04f3d9cd50ddf8a7d23c', 'Poplar St.', @current_album, 'OGG', 73640000, '/storage/emulated/0/Music/Glass Animals/How to Be a Human Being/Poplar St.', True);
INSERT INTO `File` VALUES ('0x5bd0252a5b7c637d3778ac006277d20f', 'Agnes', @current_album, 'FLAC', 316845184, '~/home/srichenberg/Music/Glass Animals/How to Be a Human Being/Agnes', False);
INSERT INTO `File` VALUES ('0x78882c24a1896c5a6f91c3ab0f142ec2', 'Agnes', @current_album, 'OGG', 76160000, '/storage/emulated/0/Music/Glass Animals/How to Be a Human Being/Agnes', True);
INSERT INTO CD_Personnel VALUES (@current_album, 'Joe Seaward');
INSERT INTO CD_Personnel VALUES (@current_album, 'Paul Epworth');
INSERT INTO CD_Personnel VALUES (@current_album, 'Dave Bayley');
INSERT INTO CD_Personnel VALUES (@current_album, 'Marta Salogni');
INSERT INTO CD_Personnel VALUES (@current_album, 'Edmund Irwin-Singer');
INSERT INTO CD_Personnel VALUES (@current_album, 'David Wrench');
INSERT INTO CD_Personnel VALUES (@current_album, 'Mat Cook');
INSERT INTO CD_Personnel VALUES (@current_album, 'Riley MacIntyre');
INSERT INTO CD_Personnel VALUES (@current_album, 'Neil Krug');
INSERT INTO CD_Personnel VALUES (@current_album, 'Drew MacFarlane');
INSERT INTO CD_Personnel VALUES (@current_album, 'Tom Coyne');
INSERT INTO CD_Personnel VALUES (@current_album, 'Matt Wiggins');
INSERT INTO CD_Personnel VALUES (@current_album, 'Charlie Seaward');

-- Dreamland
INSERT INTO CD (Title, `Year`, `Location`) VALUES ('Dreamland - Real Life Edition', 2022, 'Home CD Library');
SET @current_album = LAST_INSERT_ID();
INSERT INTO CD_Artist VALUES (@current_album, 'Glass Animals');
INSERT INTO Track (Title, CD_ID, Length) VALUES ('Dreamland', @current_album, '00:03:23');
INSERT INTO Track (Title, CD_ID, Length) VALUES ('Tangerine', @current_album, '00:03:21');
INSERT INTO Track (Title, CD_ID, Length) VALUES ('((home movie: 1994))', @current_album, '00:00:07');
INSERT INTO Track (Title, CD_ID, Length) VALUES ('Hot Sugar', @current_album, '00:03:55');
INSERT INTO Track (Title, CD_ID, Length) VALUES ('((home movie: btx))', @current_album, '00:00:14');
INSERT INTO Track (Title, CD_ID, Length) VALUES ('Space Ghost Coast To Coast', @current_album, '00:03:07');
INSERT INTO Track (Title, CD_ID, Length) VALUES ('Tokyo Drifting', @current_album, '00:03:37');
INSERT INTO Track (Title, CD_ID, Length) VALUES ('Melon and the Coconut', @current_album, '00:02:29');
INSERT INTO Track (Title, CD_ID, Length) VALUES ('Your Love (Déjà Vu)', @current_album, '00:03:54');
INSERT INTO Track (Title, CD_ID, Length) VALUES ('Waterfalls Coming Out Your Mouth', @current_album, '00:02:42');
INSERT INTO Track (Title, CD_ID, Length) VALUES ("It's All So Incredibly Loud", @current_album, '00:04:19');
INSERT INTO Track (Title, CD_ID, Length) VALUES ('((home movie: rockets))', @current_album, '00:01:00');
INSERT INTO Track (Title, CD_ID, Length) VALUES ('Domestic Bliss', @current_album, '00:03:18');
INSERT INTO Track (Title, CD_ID, Length) VALUES ('Heat Waves', @current_album, '00:03:59');
INSERT INTO Track (Title, CD_ID, Length) VALUES ('((home movie: shoes on))', @current_album, '00:00:31');
INSERT INTO Track (Title, CD_ID, Length) VALUES ('Helium', @current_album, '00:05:28');
INSERT INTO Track (Title, CD_ID, Length) VALUES ("I Don't Wanna Talk (I Just Wanna Dance)", @current_album, '00:03:15');
INSERT INTO Track (Title, CD_ID, Length) VALUES ('Helium (Hudson Mohawke Remix)', @current_album, '00:03:49');
INSERT INTO Track (Title, CD_ID, Length) VALUES ('Space Ghost Coast To Coast (Raz & Afla Remix)', @current_album, '00:03:43');
INSERT INTO Track (Title, CD_ID, Length) VALUES ("It's All So Incredibly Loud (Kelly Lee Owens Remix)", @current_album, '00:03:37');
INSERT INTO Track (Title, CD_ID, Length) VALUES ('Tokyo Drifting (Young Franco Remix)', @current_album, '00:03:31');
INSERT INTO Track (Title, CD_ID, Length) VALUES ('Melon and the Coconut (Mona Yim Remix)', @current_album, '00:02:40');
INSERT INTO Track (Title, CD_ID, Length) VALUES ('Hot Sugar (Washed Out Remix)', @current_album, '00:03:07');
INSERT INTO Track (Title, CD_ID, Length) VALUES ("It's All So Incredibly Loud (DJ Seinfeld Remix)", @current_album, '00:04:34');
INSERT INTO Track (Title, CD_ID, Length) VALUES ('Space Ghost Coast To Coast (Hit-Boy Remix)', @current_album, '00:02:53');
INSERT INTO Track (Title, CD_ID, Length) VALUES ('Dreamland (Mindchatter Remix)', @current_album, '00:03:44');
INSERT INTO Track (Title, CD_ID, Length) VALUES ('Heat Waves (Logic1000 Remix)', @current_album, '00:03:58');
INSERT INTO Track (Title, CD_ID, Length) VALUES ('Waterfalls Coming Out Your Mouth (Clap! Clap! Remix)', @current_album, '00:02:44');
INSERT INTO `File` VALUES ('0x4a5f2dd6e8b582c8ec966557b6379507', 'Dreamland', @current_album, 'FLAC', 223256152, '~/home/srichenberg/Music/Glass Animals/Dreamland/Dreamland', False);
INSERT INTO `File` VALUES ('0xd526732f264fcfc6f67742cebd136704', 'Dreamland', @current_album, 'OGG', 51968000, '/storage/emulated/0/Music/Glass Animals/Dreamland/Dreamland', True);
INSERT INTO `File` VALUES ('0xba5645ec6be21ff0b9a999e18e6fdd82', 'Tangerine', @current_album, 'FLAC', 232529463, '~/home/srichenberg/Music/Glass Animals/Dreamland/Tangerine', False);
INSERT INTO `File` VALUES ('0x2a75ab1cd947c9e2489d212e80d43915', 'Tangerine', @current_album, 'OGG', 51456000, '/storage/emulated/0/Music/Glass Animals/Dreamland/Tangerine', True);
INSERT INTO `File` VALUES ('0x8e3a8dbc3c0159e2fd17bd12921a0f1d', '((home movie: 1994))', @current_album, 'FLAC', 8471246, '~/home/srichenberg/Music/Glass Animals/Dreamland/((home movie: 1994))', False);
INSERT INTO `File` VALUES ('0x71d57c27c2badbc9130e2b0a781df848', '((home movie: 1994))', @current_album, 'OGG', 1792000, '/storage/emulated/0/Music/Glass Animals/Dreamland/((home movie: 1994))', True);
INSERT INTO `File` VALUES ('0x6005b124e69e94320c68c4461e38f183', 'Hot Sugar', @current_album, 'FLAC', 220861695, '~/home/srichenberg/Music/Glass Animals/Dreamland/Hot Sugar', False);
INSERT INTO `File` VALUES ('0xe2c758caa1dce5dbad4999acce438077', 'Hot Sugar', @current_album, 'OGG', 60160000, '/storage/emulated/0/Music/Glass Animals/Dreamland/Hot Sugar', True);
INSERT INTO `File` VALUES ('0x519daeebcf56c773b50c788f6d105685', '((home movie: btx))', @current_album, 'FLAC', 15374842, '~/home/srichenberg/Music/Glass Animals/Dreamland/((home movie: btx))', False);
INSERT INTO `File` VALUES ('0x042e7746440344eee63b0b903916a430', '((home movie: btx))', @current_album, 'OGG', 3584000, '/storage/emulated/0/Music/Glass Animals/Dreamland/((home movie: btx))', True);
INSERT INTO `File` VALUES ('0x7911797cb8409e7eec0c21c690d866c4', 'Space Ghost Coast To Coast', @current_album, 'FLAC', 198325655, '~/home/srichenberg/Music/Glass Animals/Dreamland/Space Ghost Coast To Coast', False);
INSERT INTO `File` VALUES ('0x465aa8776aaa463e68901e8c26dced84', 'Space Ghost Coast To Coast', @current_album, 'OGG', 47872000, '/storage/emulated/0/Music/Glass Animals/Dreamland/Space Ghost Coast To Coast', True);
INSERT INTO `File` VALUES ('0xd20bc9763b231dae1875df99bfba28fa', 'Tokyo Drifting', @current_album, 'FLAC', 223511953, '~/home/srichenberg/Music/Glass Animals/Dreamland/Tokyo Drifting', False);
INSERT INTO `File` VALUES ('0xca58c42a7c89c567a0703567652c5661', 'Tokyo Drifting', @current_album, 'OGG', 55552000, '/storage/emulated/0/Music/Glass Animals/Dreamland/Tokyo Drifting', True);
INSERT INTO `File` VALUES ('0x6275157571ae170783d50618b368ed8a', 'Melon and the Coconut', @current_album, 'FLAC', 132060786, '~/home/srichenberg/Music/Glass Animals/Dreamland/Melon and the Coconut', False);
INSERT INTO `File` VALUES ('0xcac6aa66ea1c044677dad46a1b882045', 'Melon and the Coconut', @current_album, 'OGG', 38144000, '/storage/emulated/0/Music/Glass Animals/Dreamland/Melon and the Coconut', True);
INSERT INTO `File` VALUES ('0x0320e9a3fc352052635be15e872729e1', 'Your Love (Déjà Vu)', @current_album, 'FLAC', 284027094, '~/home/srichenberg/Music/Glass Animals/Dreamland/Your Love (Déjà Vu)', False);
INSERT INTO `File` VALUES ('0x1810208ea35369d874e545ef6419d497', 'Your Love (Déjà Vu)', @current_album, 'OGG', 59904000, '/storage/emulated/0/Music/Glass Animals/Dreamland/Your Love (Déjà Vu)', True);
INSERT INTO `File` VALUES ('0xb34ad707046398ebff8cf2a38d671ee8', 'Waterfalls Coming Out Your Mouth', @current_album, 'FLAC', 195535782, '~/home/srichenberg/Music/Glass Animals/Dreamland/Waterfalls Coming Out Your Mouth', False);
INSERT INTO `File` VALUES ('0x8a79c249a5a6e8c117b449eeab813261', 'Waterfalls Coming Out Your Mouth', @current_album, 'OGG', 41472000, '/storage/emulated/0/Music/Glass Animals/Dreamland/Waterfalls Coming Out Your Mouth', True);
INSERT INTO `File` VALUES ('0x0c434dad5ebf395a996dc5cd411bf66d', "It's All So Incredibly Loud", @current_album, 'FLAC', 243384372, "~/home/srichenberg/Music/Glass Animals/Dreamland/It's All So Incredibly Loud", False);
INSERT INTO `File` VALUES ('0x7413608b91eca7a3491922587e58472a', "It's All So Incredibly Loud", @current_album, 'OGG', 66304000, "/storage/emulated/0/Music/Glass Animals/Dreamland/It's All So Incredibly Loud", True);
INSERT INTO `File` VALUES ('0xcd9fbb66f081f5f962d87fc18e09424e', '((home movie: rockets))', @current_album, 'FLAC', 70131900, '~/home/srichenberg/Music/Glass Animals/Dreamland/((home movie: rockets))', False);
INSERT INTO `File` VALUES ('0x74940202cc029027bfc06376855db4d3', '((home movie: rockets))', @current_album, 'OGG', 15360000, '/storage/emulated/0/Music/Glass Animals/Dreamland/((home movie: rockets))', True);
INSERT INTO `File` VALUES ('0x1232a0cdeef622075735a67b8461c8f0', 'Domestic Bliss', @current_album, 'FLAC', 196657758, '~/home/srichenberg/Music/Glass Animals/Dreamland/Domestic Bliss', False);
INSERT INTO `File` VALUES ('0x8bbfebf0006c16a6bba35aa4e1a76c84', 'Domestic Bliss', @current_album, 'OGG', 50688000, '/storage/emulated/0/Music/Glass Animals/Dreamland/Domestic Bliss', True);
INSERT INTO `File` VALUES ('0x6b00301cc09647067d94c886718a77ec', 'Heat Waves', @current_album, 'FLAC', 215619825, '~/home/srichenberg/Music/Glass Animals/Dreamland/Heat Waves', False);
INSERT INTO `File` VALUES ('0x52d08c1f91051e9ea66537bb0494ea67', 'Heat Waves', @current_album, 'OGG', 61184000, '/storage/emulated/0/Music/Glass Animals/Dreamland/Heat Waves', True);
INSERT INTO `File` VALUES ('0x97f6762e2c1f9bd4111ca5facd90814b', '((home movie: shoes on))', @current_album, 'FLAC', 34440876, '~/home/srichenberg/Music/Glass Animals/Dreamland/((home movie: shoes on))', False);
INSERT INTO `File` VALUES ('0x9c8340d4fead5f559d59b2e27ea2f510', '((home movie: shoes on))', @current_album, 'OGG', 7936000, '/storage/emulated/0/Music/Glass Animals/Dreamland/((home movie: shoes on))', True);
INSERT INTO `File` VALUES ('0x0dc2b4612904bf237c3cd19108a2e17f', 'Helium', @current_album, 'FLAC', 399565008, '~/home/srichenberg/Music/Glass Animals/Dreamland/Helium', False);
INSERT INTO `File` VALUES ('0x44b372c12b395c95d902a9d752be667a', 'Helium', @current_album, 'OGG', 83968000, '/storage/emulated/0/Music/Glass Animals/Dreamland/Helium', True);
INSERT INTO `File` VALUES ('0x2dbf8807e9c5935efa368f0bf495a7a9', "I Don't Wanna Talk (I Just Wanna Dance)", @current_album, 'FLAC', 239145075, "~/home/srichenberg/Music/Glass Animals/Dreamland/I Don't Wanna Talk (I Just Wanna Dance)", False);
INSERT INTO `File` VALUES ('0x98ac7eb402f8d605a5a89ac3b5c2ca2c', "I Don't Wanna Talk (I Just Wanna Dance)", @current_album, 'OGG', 49920000, "/storage/emulated/0/Music/Glass Animals/Dreamland/I Don't Wanna Talk (I Just Wanna Dance)", True);
INSERT INTO `File` VALUES ('0xdf2973121af4f1a7e9feb3f5ea807864', 'Helium (Hudson Mohawke Remix)', @current_album, 'FLAC', 246271867, '~/home/srichenberg/Music/Glass Animals/Dreamland/Helium (Hudson Mohawke Remix)', False);
INSERT INTO `File` VALUES ('0xf06ed9d6fd4b94dfd69e7abaa4c4f439', 'Helium (Hudson Mohawke Remix)', @current_album, 'OGG', 58624000, '/storage/emulated/0/Music/Glass Animals/Dreamland/Helium (Hudson Mohawke Remix)', True);
INSERT INTO `File` VALUES ('0x6e85fb415c243ee58fd52ea069f24a42', 'Space Ghost Coast To Coast (Raz & Afla Remix)', @current_album, 'FLAC', 233592723, '~/home/srichenberg/Music/Glass Animals/Dreamland/Space Ghost Coast To Coast (Raz & Afla Remix)', False);
INSERT INTO `File` VALUES ('0xcea0b0c416eb7a641345f303eec2528d', 'Space Ghost Coast To Coast (Raz & Afla Remix)', @current_album, 'OGG', 57088000, '/storage/emulated/0/Music/Glass Animals/Dreamland/Space Ghost Coast To Coast (Raz & Afla Remix)', True);
INSERT INTO `File` VALUES ('0x2c9675b89734572d564e93008c8af940', "It's All So Incredibly Loud (Kelly Lee Owens Remix)", @current_album, 'FLAC', 240962008, "~/home/srichenberg/Music/Glass Animals/Dreamland/It's All So Incredibly Loud (Kelly Lee Owens Remix)", False);
INSERT INTO `File` VALUES ('0x84159d0d345c17bc156b0899ccfb2d5f', "It's All So Incredibly Loud (Kelly Lee Owens Remix)", @current_album, 'OGG', 55552000, "/storage/emulated/0/Music/Glass Animals/Dreamland/It's All So Incredibly Loud (Kelly Lee Owens Remix)", True);
INSERT INTO `File` VALUES ('0x2e099574278f12011e6e52535cedde2f', 'Tokyo Drifting (Young Franco Remix)', @current_album, 'FLAC', 243744668, '~/home/srichenberg/Music/Glass Animals/Dreamland/Tokyo Drifting (Young Franco Remix)', False);
INSERT INTO `File` VALUES ('0x1d7b65b76b91f0e477e15a19a432fa77', 'Tokyo Drifting (Young Franco Remix)', @current_album, 'OGG', 54016000, '/storage/emulated/0/Music/Glass Animals/Dreamland/Tokyo Drifting (Young Franco Remix)', True);
INSERT INTO `File` VALUES ('0xa4ffb35c0fe884707040554feead6aaf', 'Melon and the Coconut (Mona Yim Remix)', @current_album, 'FLAC', 145512000, '~/home/srichenberg/Music/Glass Animals/Dreamland/Melon and the Coconut (Mona Yim Remix)', False);
INSERT INTO `File` VALUES ('0x273460ed34c5967edfc1e6d3a386f27e', 'Melon and the Coconut (Mona Yim Remix)', @current_album, 'OGG', 40960000, '/storage/emulated/0/Music/Glass Animals/Dreamland/Melon and the Coconut (Mona Yim Remix)', True);
INSERT INTO `File` VALUES ('0x1b95599fcc06d4657c956342de2b517f', 'Hot Sugar (Washed Out Remix)', @current_album, 'FLAC', 178109833, '~/home/srichenberg/Music/Glass Animals/Dreamland/Hot Sugar (Washed Out Remix)', False);
INSERT INTO `File` VALUES ('0x9381453719862fdf475cae63edc423ff', 'Hot Sugar (Washed Out Remix)', @current_album, 'OGG', 47872000, '/storage/emulated/0/Music/Glass Animals/Dreamland/Hot Sugar (Washed Out Remix)', True);
INSERT INTO `File` VALUES ('0x095008c3f58ecee073d2cfc078a20d09', "It's All So Incredibly Loud (DJ Seinfeld Remix)", @current_album, 'FLAC', 287695342, "~/home/srichenberg/Music/Glass Animals/Dreamland/It's All So Incredibly Loud (DJ Seinfeld Remix)", False);
INSERT INTO `File` VALUES ('0x8d6efdfdfd16fc375e5965766d863938', "It's All So Incredibly Loud (DJ Seinfeld Remix)", @current_album, 'OGG', 70144000, "/storage/emulated/0/Music/Glass Animals/Dreamland/It's All So Incredibly Loud (DJ Seinfeld Remix)", True);
INSERT INTO `File` VALUES ('0x4b589ec48ad469bec1a557da7aceffaa', 'Space Ghost Coast To Coast (Hit-Boy Remix)', @current_album, 'FLAC', 185426936, '~/home/srichenberg/Music/Glass Animals/Dreamland/Space Ghost Coast To Coast (Hit-Boy Remix)', False);
INSERT INTO `File` VALUES ('0x134066d3ed2347737db4bbc4b1ab799e', 'Space Ghost Coast To Coast (Hit-Boy Remix)', @current_album, 'OGG', 44288000, '/storage/emulated/0/Music/Glass Animals/Dreamland/Space Ghost Coast To Coast (Hit-Boy Remix)', True);
INSERT INTO `File` VALUES ('0xc87530047ef545cd2b7aee2fb22e5e22', 'Dreamland (Mindchatter Remix)', @current_album, 'FLAC', 254421440, '~/home/srichenberg/Music/Glass Animals/Dreamland/Dreamland (Mindchatter Remix)', False);
INSERT INTO `File` VALUES ('0xb9b8a37144dab05e0ce2eaf1f182f726', 'Dreamland (Mindchatter Remix)', @current_album, 'OGG', 57344000, '/storage/emulated/0/Music/Glass Animals/Dreamland/Dreamland (Mindchatter Remix)', True);
INSERT INTO `File` VALUES ('0xef20a2250f247bb74e2419e2a1f56d84', 'Heat Waves (Logic1000 Remix)', @current_album, 'FLAC', 241847270, '~/home/srichenberg/Music/Glass Animals/Dreamland/Heat Waves (Logic1000 Remix)', False);
INSERT INTO `File` VALUES ('0xed7a799a34f45350b93dc96edeba5c13', 'Heat Waves (Logic1000 Remix)', @current_album, 'OGG', 60928000, '/storage/emulated/0/Music/Glass Animals/Dreamland/Heat Waves (Logic1000 Remix)', True);
INSERT INTO `File` VALUES ('0x07d2859ee34881a3e43b283338268f36', 'Waterfalls Coming Out Your Mouth (Clap! Clap! Remix)', @current_album, 'FLAC', 146344744, '~/home/srichenberg/Music/Glass Animals/Dreamland/Waterfalls Coming Out Your Mouth (Clap! Clap! Remix)', False);
INSERT INTO `File` VALUES ('0x434350ab93ba2bfb6e1817bd483fbc41', 'Waterfalls Coming Out Your Mouth (Clap! Clap! Remix)', @current_album, 'OGG', 41984000, '/storage/emulated/0/Music/Glass Animals/Dreamland/Waterfalls Coming Out Your Mouth (Clap! Clap! Remix)', True);
INSERT INTO CD_Personnel VALUES (@current_album, 'Scott Desmarais');
INSERT INTO CD_Personnel VALUES (@current_album, 'David Nakaji');
INSERT INTO CD_Personnel VALUES (@current_album, 'Riley McIntyre');
INSERT INTO CD_Personnel VALUES (@current_album, 'Mona Yim');
INSERT INTO CD_Personnel VALUES (@current_album, 'DJ Seinfeld');
INSERT INTO CD_Personnel VALUES (@current_album, 'Hit-Boy');
INSERT INTO CD_Personnel VALUES (@current_album, 'Kelly Lee Owens');
INSERT INTO CD_Personnel VALUES (@current_album, 'Manny Marroquin');
INSERT INTO CD_Personnel VALUES (@current_album, 'Paul Epworth');
INSERT INTO CD_Personnel VALUES (@current_album, 'David Wrench');
INSERT INTO CD_Personnel VALUES (@current_album, 'Diplo');
INSERT INTO CD_Personnel VALUES (@current_album, 'Jeremie Inhaber');
INSERT INTO CD_Personnel VALUES (@current_album, 'Derek "MixedByAli" Ali');
INSERT INTO CD_Personnel VALUES (@current_album, 'Dave Bayley');
INSERT INTO CD_Personnel VALUES (@current_album, 'Hudson Mohawke');
INSERT INTO CD_Personnel VALUES (@current_album, 'Washed Out');
INSERT INTO CD_Personnel VALUES (@current_album, 'Denzel Curry');
INSERT INTO CD_Personnel VALUES (@current_album, 'Cyrus "NOIS" Taghipour');
INSERT INTO CD_Personnel VALUES (@current_album, 'Logic1000');
INSERT INTO CD_Personnel VALUES (@current_album, 'Chris Galland');
INSERT INTO CD_Personnel VALUES (@current_album, 'Luke Pickering');
INSERT INTO CD_Personnel VALUES (@current_album, 'Mindchatter');
INSERT INTO CD_Personnel VALUES (@current_album, 'Raz & Afla');
INSERT INTO CD_Personnel VALUES (@current_album, 'Clap! Clap!');
INSERT INTO CD_Personnel VALUES (@current_album, 'Chris Gehringer');
INSERT INTO CD_Personnel VALUES (@current_album, 'Mike Bozzi');
INSERT INTO CD_Personnel VALUES (@current_album, 'Orit Braha');
INSERT INTO CD_Personnel VALUES (@current_album, 'Chloe Kramer');
INSERT INTO CD_Personnel VALUES (@current_album, 'Letta Mbulu');
INSERT INTO CD_Personnel VALUES (@current_album, 'Denzel Curry & Young Franco');
INSERT INTO CD_Personnel VALUES (@current_album, 'Robin Florent');
INSERT INTO CD_Personnel VALUES (@current_album, 'Curtis "Sircut" Bye');

-- Choose Your Weapon
INSERT INTO CD (Title, `Year`, `Location`) VALUES ('Choose Your Weapon', 2015, 'Home CD Library');
SET @current_album = LAST_INSERT_ID();
INSERT INTO CD_Artist VALUES (@current_album, 'Hiatus Kaiyote');
INSERT INTO Track (Title, CD_ID, Length) VALUES ('Choose Your Weapon', @current_album, '00:01:34');
INSERT INTO Track (Title, CD_ID, Length) VALUES ('Shaolin Monk Motherfunk', @current_album, '00:05:51');
INSERT INTO Track (Title, CD_ID, Length) VALUES ('Laputa', @current_album, '00:02:26');
INSERT INTO Track (Title, CD_ID, Length) VALUES ('Creations Part One', @current_album, '00:00:49');
INSERT INTO Track (Title, CD_ID, Length) VALUES ('Borderline With My Atoms', @current_album, '00:06:02');
INSERT INTO Track (Title, CD_ID, Length) VALUES ('Breathing Underwater', @current_album, '00:05:44');
INSERT INTO Track (Title, CD_ID, Length) VALUES ('Cicada', @current_album, '00:00:38');
INSERT INTO Track (Title, CD_ID, Length) VALUES ('Swamp Thing', @current_album, '00:05:00');
INSERT INTO Track (Title, CD_ID, Length) VALUES ('Fingerprints', @current_album, '00:04:17');
INSERT INTO Track (Title, CD_ID, Length) VALUES ('Jekyll', @current_album, '00:05:33');
INSERT INTO Track (Title, CD_ID, Length) VALUES ('Prince Minikid', @current_album, '00:02:50');
INSERT INTO Track (Title, CD_ID, Length) VALUES ('Atari', @current_album, '00:06:09');
INSERT INTO Track (Title, CD_ID, Length) VALUES ('By Fire', @current_album, '00:05:04');
INSERT INTO Track (Title, CD_ID, Length) VALUES ('Creations Part Two', @current_album, '00:01:01');
INSERT INTO Track (Title, CD_ID, Length) VALUES ('The Lung', @current_album, '00:04:54');
INSERT INTO Track (Title, CD_ID, Length) VALUES ('Only Time All the Time / Making Friends With Studio Owl', @current_album, '00:01:03');
INSERT INTO Track (Title, CD_ID, Length) VALUES ('Molasses', @current_album, '00:04:49');
INSERT INTO Track (Title, CD_ID, Length) VALUES ('Building a Ladder', @current_album, '00:05:42');
INSERT INTO `File` VALUES ('0x9757180af05c2058af4c8652ee9c6155', 'Choose Your Weapon', @current_album, 'FLAC', 110764430, '~/home/srichenberg/Music/Hiatus Kaiyote/Choose Your Weapon/Choose Your Weapon', False);
INSERT INTO `File` VALUES ('0x9f8bf33ec26927c6f963bca52a59fb19', 'Choose Your Weapon', @current_album, 'OGG', 24816000, '/storage/emulated/0/Music/Hiatus Kaiyote/Choose Your Weapon/Choose Your Weapon', True);
INSERT INTO `File` VALUES ('0x8a0f7df3e917957fe21d9c172449cba2', 'Shaolin Monk Motherfunk', @current_album, 'FLAC', 324767313, '~/home/srichenberg/Music/Hiatus Kaiyote/Choose Your Weapon/Shaolin Monk Motherfunk', False);
INSERT INTO `File` VALUES ('0xc4393e6aabdb91a9369c62a3aa468bba', 'Shaolin Monk Motherfunk', @current_album, 'OGG', 92664000, '/storage/emulated/0/Music/Hiatus Kaiyote/Choose Your Weapon/Shaolin Monk Motherfunk', True);
INSERT INTO `File` VALUES ('0xbdc9fe2a3542d073cc34289eddbe9112', 'Laputa', @current_album, 'FLAC', 169936408, '~/home/srichenberg/Music/Hiatus Kaiyote/Choose Your Weapon/Laputa', False);
INSERT INTO `File` VALUES ('0x1a23c5594a2ce247fff5d9a368686eab', 'Laputa', @current_album, 'OGG', 38544000, '/storage/emulated/0/Music/Hiatus Kaiyote/Choose Your Weapon/Laputa', True);
INSERT INTO `File` VALUES ('0xfe04f645428ade9eeddd9e33f319413e', 'Creations Part One', @current_album, 'FLAC', 57391446, '~/home/srichenberg/Music/Hiatus Kaiyote/Choose Your Weapon/Creations Part One', False);
INSERT INTO `File` VALUES ('0x4a6620848a74d522210637809e799361', 'Creations Part One', @current_album, 'OGG', 12936000, '/storage/emulated/0/Music/Hiatus Kaiyote/Choose Your Weapon/Creations Part One', True);
INSERT INTO `File` VALUES ('0x5eb3545ce6eaa1a7e5dd0ff2b09ed8ad', 'Borderline With My Atoms', @current_album, 'FLAC', 404046300, '~/home/srichenberg/Music/Hiatus Kaiyote/Choose Your Weapon/Borderline With My Atoms', False);
INSERT INTO `File` VALUES ('0x553f4d1133dad2deeb38729d3372a580', 'Borderline With My Atoms', @current_album, 'OGG', 95568000, '/storage/emulated/0/Music/Hiatus Kaiyote/Choose Your Weapon/Borderline With My Atoms', True);
INSERT INTO `File` VALUES ('0xd49460854bdf91007ebc5565ae81cde7', 'Breathing Underwater', @current_album, 'FLAC', 361619336, '~/home/srichenberg/Music/Hiatus Kaiyote/Choose Your Weapon/Breathing Underwater', False);
INSERT INTO `File` VALUES ('0xb64d8f7fb5c18ff8cb0b794fa2acfd1b', 'Breathing Underwater', @current_album, 'OGG', 90816000, '/storage/emulated/0/Music/Hiatus Kaiyote/Choose Your Weapon/Breathing Underwater', True);
INSERT INTO `File` VALUES ('0x67511c4142d22e0375108a310399f2bd', 'Cicada', @current_album, 'FLAC', 39050396, '~/home/srichenberg/Music/Hiatus Kaiyote/Choose Your Weapon/Cicada', False);
INSERT INTO `File` VALUES ('0x4f79dbcd72acf5247b8cb46adeb16437', 'Cicada', @current_album, 'OGG', 10032000, '/storage/emulated/0/Music/Hiatus Kaiyote/Choose Your Weapon/Cicada', True);
INSERT INTO `File` VALUES ('0x917ff7437ceb83ab85d70417413b6dbc', 'Swamp Thing', @current_album, 'FLAC', 353548800, '~/home/srichenberg/Music/Hiatus Kaiyote/Choose Your Weapon/Swamp Thing', False);
INSERT INTO `File` VALUES ('0x27b65340e50b205c7a3c7a2ce0e55125', 'Swamp Thing', @current_album, 'OGG', 79200000, '/storage/emulated/0/Music/Hiatus Kaiyote/Choose Your Weapon/Swamp Thing', True);
INSERT INTO `File` VALUES ('0x8c40829d3a6fc748f6e088c0e75138c8', 'Fingerprints', @current_album, 'FLAC', 231117787, '~/home/srichenberg/Music/Hiatus Kaiyote/Choose Your Weapon/Fingerprints', False);
INSERT INTO `File` VALUES ('0xe53ef3f7b241fc16560659057e495925', 'Fingerprints', @current_album, 'OGG', 67848000, '/storage/emulated/0/Music/Hiatus Kaiyote/Choose Your Weapon/Fingerprints', True);
INSERT INTO `File` VALUES ('0xc1e27bd96f5990418851c6960fe11c95', 'Jekyll', @current_album, 'FLAC', 325109898, '~/home/srichenberg/Music/Hiatus Kaiyote/Choose Your Weapon/Jekyll', False);
INSERT INTO `File` VALUES ('0x7d219b3984a91c8cc7f8b635614d6c0b', 'Jekyll', @current_album, 'OGG', 87912000, '/storage/emulated/0/Music/Hiatus Kaiyote/Choose Your Weapon/Jekyll', True);
INSERT INTO `File` VALUES ('0x52afcffb462d757ac86fbb9a0436695d', 'Prince Minikid', @current_album, 'FLAC', 175755350, '~/home/srichenberg/Music/Hiatus Kaiyote/Choose Your Weapon/Prince Minikid', False);
INSERT INTO `File` VALUES ('0x55cc066182e4f96892cba7c0b8478cc2', 'Prince Minikid', @current_album, 'OGG', 44880000, '/storage/emulated/0/Music/Hiatus Kaiyote/Choose Your Weapon/Prince Minikid', True);
INSERT INTO `File` VALUES ('0x7dbb934f854aa14f7b6574447c6966d3', 'Atari', @current_album, 'FLAC', 345629754, '~/home/srichenberg/Music/Hiatus Kaiyote/Choose Your Weapon/Atari', False);
INSERT INTO `File` VALUES ('0x7e51a90778c1ebcb9469c652640ac0c3', 'Atari', @current_album, 'OGG', 97416000, '/storage/emulated/0/Music/Hiatus Kaiyote/Choose Your Weapon/Atari', True);
INSERT INTO `File` VALUES ('0x8e485dbda8a803326189352136ca7a23', 'By Fire', @current_album, 'FLAC', 338042832, '~/home/srichenberg/Music/Hiatus Kaiyote/Choose Your Weapon/By Fire', False);
INSERT INTO `File` VALUES ('0xd471aae7e919ede083b4c2b76c657ddd', 'By Fire', @current_album, 'OGG', 80256000, '/storage/emulated/0/Music/Hiatus Kaiyote/Choose Your Weapon/By Fire', True);
INSERT INTO `File` VALUES ('0xf814238adb4b7df3600306f7ebc78b71', 'Creations Part Two', @current_album, 'FLAC', 60825906, '~/home/srichenberg/Music/Hiatus Kaiyote/Choose Your Weapon/Creations Part Two', False);
INSERT INTO `File` VALUES ('0x8a93dcb943d23db5c5a2c812f0c58928', 'Creations Part Two', @current_album, 'OGG', 16104000, '/storage/emulated/0/Music/Hiatus Kaiyote/Choose Your Weapon/Creations Part Two', True);
INSERT INTO `File` VALUES ('0xb037b28f6f404abc809f302c0832a0db', 'The Lung', @current_album, 'FLAC', 323746038, '~/home/srichenberg/Music/Hiatus Kaiyote/Choose Your Weapon/The Lung', False);
INSERT INTO `File` VALUES ('0xc34d0c89e9c5467099da3b406133adfc', 'The Lung', @current_album, 'OGG', 77616000, '/storage/emulated/0/Music/Hiatus Kaiyote/Choose Your Weapon/The Lung', True);
INSERT INTO `File` VALUES ('0x88ecf5119de0bb8d310b12601c7f6280', 'Only Time All the Time / Making Friends With Studio Owl', @current_album, 'FLAC', 75681018, '~/home/srichenberg/Music/Hiatus Kaiyote/Choose Your Weapon/Only Time All the Time / Making Friends With Studio Owl', False);
INSERT INTO `File` VALUES ('0x1c5927bb761381bf63dce55e35c31904', 'Only Time All the Time / Making Friends With Studio Owl', @current_album, 'OGG', 16632000, '/storage/emulated/0/Music/Hiatus Kaiyote/Choose Your Weapon/Only Time All the Time / Making Friends With Studio Owl', True);
INSERT INTO `File` VALUES ('0x98dd57e6d4ac0e5ba7296e08d967e1f1', 'Molasses', @current_album, 'FLAC', 274218228, '~/home/srichenberg/Music/Hiatus Kaiyote/Choose Your Weapon/Molasses', False);
INSERT INTO `File` VALUES ('0x9f0d8b003bf7bb00f366d1240b5b55f8', 'Molasses', @current_album, 'OGG', 76296000, '/storage/emulated/0/Music/Hiatus Kaiyote/Choose Your Weapon/Molasses', True);
INSERT INTO `File` VALUES ('0xa9f1f05b1b4175cb4a60f98ce3dba583', 'Building a Ladder', @current_album, 'FLAC', 307895760, '~/home/srichenberg/Music/Hiatus Kaiyote/Choose Your Weapon/Building a Ladder', False);
INSERT INTO `File` VALUES ('0xed350a02e58a17f8392a2c68d9d53d7e', 'Building a Ladder', @current_album, 'OGG', 90288000, '/storage/emulated/0/Music/Hiatus Kaiyote/Choose Your Weapon/Building a Ladder', True);
INSERT INTO CD_Personnel VALUES (@current_album, 'Andrei Eremin');
INSERT INTO CD_Personnel VALUES (@current_album, 'Adam King');
INSERT INTO CD_Personnel VALUES (@current_album, 'Jennifer Liebeskind');
INSERT INTO CD_Personnel VALUES (@current_album, 'Paul Bender');
INSERT INTO CD_Personnel VALUES (@current_album, 'Federico Ruiz');
INSERT INTO CD_Personnel VALUES (@current_album, 'Phil Noy');
INSERT INTO CD_Personnel VALUES (@current_album, 'Laura Kszan');
INSERT INTO CD_Personnel VALUES (@current_album, 'Nai Palm');
INSERT INTO CD_Personnel VALUES (@current_album, 'Phil Binotto');
INSERT INTO CD_Personnel VALUES (@current_album, 'Salvador Persico');
INSERT INTO CD_Personnel VALUES (@current_album, 'Wilk');
INSERT INTO CD_Personnel VALUES (@current_album, 'Laneous "Lame-boy" the Lunchboxer');
INSERT INTO CD_Personnel VALUES (@current_album, 'Laura Christoforidis');
INSERT INTO CD_Personnel VALUES (@current_album, 'Roxanne Slimak');
INSERT INTO CD_Personnel VALUES (@current_album, 'Salaam Remi');
INSERT INTO CD_Personnel VALUES (@current_album, 'Simon Mavin');
INSERT INTO CD_Personnel VALUES (@current_album, 'Miguel Atwood-Ferguson');
INSERT INTO CD_Personnel VALUES (@current_album, 'Perrin Moss');

-- Tawk Tomahawk
INSERT INTO CD (Title, `Year`, `Location`) VALUES ('Tawk Tomahawk', 2013, 'Los Osos Public Library');
SET @current_album = LAST_INSERT_ID();
INSERT INTO CD_Artist VALUES (@current_album, 'Hiatus Kaiyote');
INSERT INTO Track (Title, CD_ID, Length) VALUES ('Mobius Streak', @current_album, '00:05:59');
INSERT INTO Track (Title, CD_ID, Length) VALUES ('The World It Softly Lulls', @current_album, '00:02:55');
INSERT INTO Track (Title, CD_ID, Length) VALUES ('Leap Frog', @current_album, '00:01:24');
INSERT INTO Track (Title, CD_ID, Length) VALUES ('Malika', @current_album, '00:04:55');
INSERT INTO Track (Title, CD_ID, Length) VALUES ('Ocelot', @current_album, '00:01:23');
INSERT INTO Track (Title, CD_ID, Length) VALUES ('Boom Child', @current_album, '00:01:31');
INSERT INTO Track (Title, CD_ID, Length) VALUES ('Lace Skull', @current_album, '00:04:00');
INSERT INTO Track (Title, CD_ID, Length) VALUES ('Rainbow Rhodes', @current_album, '00:01:53');
INSERT INTO Track (Title, CD_ID, Length) VALUES ('Sphinx Gate', @current_album, '00:01:58');
INSERT INTO Track (Title, CD_ID, Length) VALUES ('Nakamarra', @current_album, '00:04:38');
INSERT INTO `File` VALUES ('0xc728be555e433a7718588448cf7b56d3', 'Mobius Streak', @current_album, 'WAV', 506620800, '~/home/srichenberg/Music/Hiatus Kaiyote/Tawk Tomahawk/Mobius Streak', False);
INSERT INTO `File` VALUES ('0x4d31b0c75423ea2951cbb6b9e6d8f0c6', 'Mobius Streak', @current_album, 'AIFF', 68928000, 'C:\\\\Users\\srichenberg\\Music\\Hiatus Kaiyote\\Tawk Tomahawk\\Mobius Streak', False);
INSERT INTO `File` VALUES ('0x0e116310c7966cd14c486baedfe9aa12', 'Mobius Streak', @current_album, 'OGG', 106264000, '/storage/emulated/0/Music/Hiatus Kaiyote/Tawk Tomahawk/Mobius Streak', True);
INSERT INTO `File` VALUES ('0xf5c605fd2776c0ea675f47f5b6dca1e4', 'The World It Softly Lulls', @current_album, 'WAV', 246960000, '~/home/srichenberg/Music/Hiatus Kaiyote/Tawk Tomahawk/The World It Softly Lulls', False);
INSERT INTO `File` VALUES ('0x94bbeb60700eace1b8f8c0c97ae6cfc5', 'The World It Softly Lulls', @current_album, 'AIFF', 33600000, 'C:\\\\Users\\srichenberg\\Music\\Hiatus Kaiyote\\Tawk Tomahawk\\The World It Softly Lulls', False);
INSERT INTO `File` VALUES ('0x84ff6878076755f6fed035df0cafaded', 'The World It Softly Lulls', @current_album, 'OGG', 51800000, '/storage/emulated/0/Music/Hiatus Kaiyote/Tawk Tomahawk/The World It Softly Lulls', True);
INSERT INTO `File` VALUES ('0xbf4229313646c356e11c96dcbc771835', 'Leap Frog', @current_album, 'WAV', 118540800, '~/home/srichenberg/Music/Hiatus Kaiyote/Tawk Tomahawk/Leap Frog', False);
INSERT INTO `File` VALUES ('0xa1e1003a2d1c24fdb2e9cba1683c8a87', 'Leap Frog', @current_album, 'AIFF', 16128000, 'C:\\\\Users\\srichenberg\\Music\\Hiatus Kaiyote\\Tawk Tomahawk\\Leap Frog', False);
INSERT INTO `File` VALUES ('0xe6101a2ed3d3ad20e7cef5f3d55f8872', 'Leap Frog', @current_album, 'OGG', 24864000, '/storage/emulated/0/Music/Hiatus Kaiyote/Tawk Tomahawk/Leap Frog', True);
INSERT INTO `File` VALUES ('0x36c5532c00d61f7a2eb13d4783dbea44', 'Malika', @current_album, 'WAV', 416304000, '~/home/srichenberg/Music/Hiatus Kaiyote/Tawk Tomahawk/Malika', False);
INSERT INTO `File` VALUES ('0xfd742f1e4dafe3fb8683220b4925b29f', 'Malika', @current_album, 'AIFF', 56640000, 'C:\\\\Users\\srichenberg\\Music\\Hiatus Kaiyote\\Tawk Tomahawk\\Malika', False);
INSERT INTO `File` VALUES ('0xee3f81f24587f40aca6674cbc7e443fb', 'Malika', @current_album, 'OGG', 87320000, '/storage/emulated/0/Music/Hiatus Kaiyote/Tawk Tomahawk/Malika', True);
INSERT INTO `File` VALUES ('0xa83f9d807a92c527c34afa7664f53a56', 'Ocelot', @current_album, 'WAV', 117129600, '~/home/srichenberg/Music/Hiatus Kaiyote/Tawk Tomahawk/Ocelot', False);
INSERT INTO `File` VALUES ('0x96683dcfcaf40d4fb42b5872a95fad2f', 'Ocelot', @current_album, 'AIFF', 15936000, 'C:\\\\Users\\srichenberg\\Music\\Hiatus Kaiyote\\Tawk Tomahawk\\Ocelot', False);
INSERT INTO `File` VALUES ('0xa0f1477a22f993b6bfb05415e87b2c80', 'Ocelot', @current_album, 'OGG', 24568000, '/storage/emulated/0/Music/Hiatus Kaiyote/Tawk Tomahawk/Ocelot', True);
INSERT INTO `File` VALUES ('0x3c1ec52d93d10152f32c844026f2d2ec', 'Boom Child', @current_album, 'WAV', 128419200, '~/home/srichenberg/Music/Hiatus Kaiyote/Tawk Tomahawk/Boom Child', False);
INSERT INTO `File` VALUES ('0x3b4c8098fea26751f596463138a230a0', 'Boom Child', @current_album, 'AIFF', 17472000, 'C:\\\\Users\\srichenberg\\Music\\Hiatus Kaiyote\\Tawk Tomahawk\\Boom Child', False);
INSERT INTO `File` VALUES ('0xb6ec89cf94a10b95b1dc4f02693a2a1c', 'Boom Child', @current_album, 'OGG', 26936000, '/storage/emulated/0/Music/Hiatus Kaiyote/Tawk Tomahawk/Boom Child', True);
INSERT INTO `File` VALUES ('0x54add667ca3c4a4ac0a3e3b9ff969dbe', 'Lace Skull', @current_album, 'WAV', 338688000, '~/home/srichenberg/Music/Hiatus Kaiyote/Tawk Tomahawk/Lace Skull', False);
INSERT INTO `File` VALUES ('0x146330797990baf0094e9e88a630f08c', 'Lace Skull', @current_album, 'AIFF', 46080000, 'C:\\\\Users\\srichenberg\\Music\\Hiatus Kaiyote\\Tawk Tomahawk\\Lace Skull', False);
INSERT INTO `File` VALUES ('0xac7b06acb38607cb2ba00808275c53d7', 'Lace Skull', @current_album, 'OGG', 71040000, '/storage/emulated/0/Music/Hiatus Kaiyote/Tawk Tomahawk/Lace Skull', True);
INSERT INTO `File` VALUES ('0x651c2c7899b915af5e5068b01453257c', 'Rainbow Rhodes', @current_album, 'WAV', 159465600, '~/home/srichenberg/Music/Hiatus Kaiyote/Tawk Tomahawk/Rainbow Rhodes', False);
INSERT INTO `File` VALUES ('0xeb411bd46e00909403c1d8d9ac24a1e9', 'Rainbow Rhodes', @current_album, 'AIFF', 21696000, 'C:\\\\Users\\srichenberg\\Music\\Hiatus Kaiyote\\Tawk Tomahawk\\Rainbow Rhodes', False);
INSERT INTO `File` VALUES ('0xa7489af3698500c480c356ec402610b5', 'Rainbow Rhodes', @current_album, 'OGG', 33448000, '/storage/emulated/0/Music/Hiatus Kaiyote/Tawk Tomahawk/Rainbow Rhodes', True);
INSERT INTO `File` VALUES ('0xcf272e0bc34ce08c13539cffe7a59739', 'Sphinx Gate', @current_album, 'WAV', 166521600, '~/home/srichenberg/Music/Hiatus Kaiyote/Tawk Tomahawk/Sphinx Gate', False);
INSERT INTO `File` VALUES ('0xdfba20c7292c85dcf8be2ee459d84155', 'Sphinx Gate', @current_album, 'AIFF', 22656000, 'C:\\\\Users\\srichenberg\\Music\\Hiatus Kaiyote\\Tawk Tomahawk\\Sphinx Gate', False);
INSERT INTO `File` VALUES ('0xf8734e9bf81a55a60ed15ab5dd90aba8', 'Sphinx Gate', @current_album, 'OGG', 34928000, '/storage/emulated/0/Music/Hiatus Kaiyote/Tawk Tomahawk/Sphinx Gate', True);
INSERT INTO `File` VALUES ('0x75c5decda6a75c681f9d69ad043cd48a', 'Nakamarra', @current_album, 'WAV', 392313600, '~/home/srichenberg/Music/Hiatus Kaiyote/Tawk Tomahawk/Nakamarra', False);
INSERT INTO `File` VALUES ('0x99868ebf20146ae87f39d28bb4a70282', 'Nakamarra', @current_album, 'AIFF', 53376000, 'C:\\\\Users\\srichenberg\\Music\\Hiatus Kaiyote\\Tawk Tomahawk\\Nakamarra', False);
INSERT INTO `File` VALUES ('0x2f9e4451208e88eaf506178c75499508', 'Nakamarra', @current_album, 'OGG', 82288000, '/storage/emulated/0/Music/Hiatus Kaiyote/Tawk Tomahawk/Nakamarra', True);
INSERT INTO CD_Personnel VALUES (@current_album, 'Nai Palm');
INSERT INTO CD_Personnel VALUES (@current_album, 'Perrin Moss');
INSERT INTO CD_Personnel VALUES (@current_album, 'Paul Bender');
INSERT INTO CD_Personnel VALUES (@current_album, 'Simon Mavin');

-- Back to Mine: Tycho
INSERT INTO CD (Title, `Year`, `Location`) VALUES ('Back To Mine: Tycho', 2022, 'Home CD Library');
SET @current_album = LAST_INSERT_ID();
INSERT INTO CD_Artist VALUES (@current_album, 'Tycho');
INSERT INTO CD_Artist VALUES (@current_album, 'Casino Versus Japan');
INSERT INTO CD_Artist VALUES (@current_album, 'Luis Lancaster');
INSERT INTO CD_Artist VALUES (@current_album, 'Nate Mercereau');
INSERT INTO CD_Artist VALUES (@current_album, 'Craft Spells');
INSERT INTO CD_Artist VALUES (@current_album, 'Panama');
INSERT INTO CD_Artist VALUES (@current_album, 'Muddy Monk');
INSERT INTO CD_Artist VALUES (@current_album, 'Schneider TM');
INSERT INTO CD_Artist VALUES (@current_album, 'Little Dragon');
INSERT INTO CD_Artist VALUES (@current_album, 'Luke Abbott');
INSERT INTO CD_Artist VALUES (@current_album, 'Weval');
INSERT INTO CD_Artist VALUES (@current_album, 'Tourist');
INSERT INTO CD_Artist VALUES (@current_album, 'Ulrich Schnauss');
INSERT INTO CD_Artist VALUES (@current_album, 'Slowdive');
INSERT INTO CD_Artist VALUES (@current_album, 'Octo Octa');
INSERT INTO Track (Title, CD_ID, Length) VALUES ('Spectre (Bibio Remix)', @current_album, '00:04:18');
INSERT INTO Track (Title, CD_ID, Length) VALUES ("It's Very Sunny", @current_album, '00:04:45');
INSERT INTO Track (Title, CD_ID, Length) VALUES ('Last Sunset', @current_album, '00:03:21');
INSERT INTO Track (Title, CD_ID, Length) VALUES ("Of Course That's Happening", @current_album, '00:04:12');
INSERT INTO Track (Title, CD_ID, Length) VALUES ('Our Park By Night', @current_album, '00:04:19');
INSERT INTO Track (Title, CD_ID, Length) VALUES ('Destroyer', @current_album, '00:05:06');
INSERT INTO Track (Title, CD_ID, Length) VALUES ('Divine', @current_album, '00:03:13');
INSERT INTO Track (Title, CD_ID, Length) VALUES ('Frogtoise', @current_album, '00:06:59');
INSERT INTO Track (Title, CD_ID, Length) VALUES ('Little Man (Tycho Remix)', @current_album, '00:02:50');
INSERT INTO Track (Title, CD_ID, Length) VALUES ('Modern Driveway', @current_album, '00:05:33');
INSERT INTO Track (Title, CD_ID, Length) VALUES ('You Made It (Part II)', @current_album, '00:06:14');
INSERT INTO Track (Title, CD_ID, Length) VALUES ('Elixir', @current_album, '00:05:06');
INSERT INTO Track (Title, CD_ID, Length) VALUES ('In All The Wrong Places', @current_album, '00:07:17');
INSERT INTO Track (Title, CD_ID, Length) VALUES ('PBS (Live Edit)', @current_album, '00:04:50');
INSERT INTO Track (Title, CD_ID, Length) VALUES ('Sugar For The Pill (Radio Edit)', @current_album, '00:03:54');
INSERT INTO Track (Title, CD_ID, Length) VALUES ('Beam Me Up (Please Take Me Away Mix)', @current_album, '00:06:22');
INSERT INTO Track (Title, CD_ID, Length) VALUES ('Back To Mine (Continuous Mix)', @current_album, '01:13:54');
INSERT INTO `File` VALUES ('0xae48604519909950f737b39a0ecf4070', 'Spectre (Bibio Remix)', @current_album, 'FLAC', 317198874, '~/home/srichenberg/Music/Tycho/Back To Mine: Tycho/Spectre (Bibio Remix)', False);
INSERT INTO `File` VALUES ('0x76318c3d37eabd397df1851d4206eab8', "It's Very Sunny", @current_album, 'FLAC', 340685865, "~/home/srichenberg/Music/Tycho/Back To Mine: Tycho/It's Very Sunny", False);
INSERT INTO `File` VALUES ('0x2e7b58bd4a4ce28dc4114f82344d8832', 'Last Sunset', @current_album, 'FLAC', 212661819, '~/home/srichenberg/Music/Tycho/Back To Mine: Tycho/Last Sunset', False);
INSERT INTO `File` VALUES ('0xc9dcf5236f22f5e0ec51de207777eab9', "Of Course That's Happening", @current_album, 'FLAC', 254080260, "~/home/srichenberg/Music/Tycho/Back To Mine: Tycho/Of Course That's Happening", False);
INSERT INTO `File` VALUES ('0x954acd77c782ceccd23348e3c6c2cd77', 'Our Park By Night', @current_album, 'FLAC', 282979515, '~/home/srichenberg/Music/Tycho/Back To Mine: Tycho/Our Park By Night', False);
INSERT INTO `File` VALUES ('0xc7b14a4e0051cc4cb4ecfb82a39a28d9', 'Destroyer', @current_album, 'FLAC', 347791032, '~/home/srichenberg/Music/Tycho/Back To Mine: Tycho/Destroyer', False);
INSERT INTO `File` VALUES ('0xcc63d47468ae68eca14061f1f4deb0f7', 'Divine', @current_album, 'FLAC', 233804639, '~/home/srichenberg/Music/Tycho/Back To Mine: Tycho/Divine', False);
INSERT INTO `File` VALUES ('0x0e5de1db306163491025c6bd8a01e62e', 'Frogtoise', @current_album, 'FLAC', 444150475, '~/home/srichenberg/Music/Tycho/Back To Mine: Tycho/Frogtoise', False);
INSERT INTO `File` VALUES ('0xe018f210873ec2b922416e5a39fc25ec', 'Little Man (Tycho Remix)', @current_album, 'FLAC', 171386350, '~/home/srichenberg/Music/Tycho/Back To Mine: Tycho/Little Man (Tycho Remix)', False);
INSERT INTO `File` VALUES ('0xea8a8441c6278f7514f3f776e5b32fd1', 'Modern Driveway', @current_album, 'FLAC', 408322935, '~/home/srichenberg/Music/Tycho/Back To Mine: Tycho/Modern Driveway', False);
INSERT INTO `File` VALUES ('0x378aebe8f9ad7c739d622528a104c41f', 'You Made It (Part II)', @current_album, 'FLAC', 375956020, '~/home/srichenberg/Music/Tycho/Back To Mine: Tycho/You Made It (Part II)', False);
INSERT INTO `File` VALUES ('0x899dcb707af4db7c95d40b813f723059', 'Elixir', @current_album, 'FLAC', 348645078, '~/home/srichenberg/Music/Tycho/Back To Mine: Tycho/Elixir', False);
INSERT INTO `File` VALUES ('0xc158e281244dc9aee8b63654ecd4025a', 'In All The Wrong Places', @current_album, 'FLAC', 489994990, '~/home/srichenberg/Music/Tycho/Back To Mine: Tycho/In All The Wrong Places', False);
INSERT INTO `File` VALUES ('0xa3fd11b5e6fc07dc1d0f3862688b8490', 'PBS (Live Edit)', @current_album, 'FLAC', 285599250, '~/home/srichenberg/Music/Tycho/Back To Mine: Tycho/PBS (Live Edit)', False);
INSERT INTO `File` VALUES ('0x0ef038b9c91536949f8f178d035b6973', 'Sugar For The Pill (Radio Edit)', @current_album, 'FLAC', 216753264, '~/home/srichenberg/Music/Tycho/Back To Mine: Tycho/Sugar For The Pill (Radio Edit)', False);
INSERT INTO `File` VALUES ('0x1184c0551692baf2f4549f50089c8288', 'Beam Me Up (Please Take Me Away Mix)', @current_album, 'FLAC', 374696542, '~/home/srichenberg/Music/Tycho/Back To Mine: Tycho/Beam Me Up (Please Take Me Away Mix)', False);
INSERT INTO `File` VALUES ('0xe43f504469a220de30d10a7309745aab', 'Back To Mine (Continuous Mix)', @current_album, 'FLAC', 4988799816, '~/home/srichenberg/Music/Tycho/Back To Mine: Tycho/Back To Mine (Continuous Mix)', False);
INSERT INTO CD_Personnel VALUES (@current_album, 'Ulrich Schnauss');
INSERT INTO CD_Personnel VALUES (@current_album, 'Tycho');
INSERT INTO CD_Personnel VALUES (@current_album, 'Panama');
INSERT INTO CD_Personnel VALUES (@current_album, 'Weval');
INSERT INTO CD_Personnel VALUES (@current_album, 'Luis Lancaster');
INSERT INTO CD_Personnel VALUES (@current_album, 'Schneider TM');
INSERT INTO CD_Personnel VALUES (@current_album, 'Slowdive');
INSERT INTO CD_Personnel VALUES (@current_album, 'Little Dragon');
INSERT INTO CD_Personnel VALUES (@current_album, 'Octo Octa');
INSERT INTO CD_Personnel VALUES (@current_album, 'Casino Versus Japan');
INSERT INTO CD_Personnel VALUES (@current_album, 'Nate Mercereau');
INSERT INTO CD_Personnel VALUES (@current_album, 'Luke Abbott');
INSERT INTO CD_Personnel VALUES (@current_album, 'Tourist');
INSERT INTO CD_Personnel VALUES (@current_album, 'Muddy Monk');
INSERT INTO CD_Personnel VALUES (@current_album, 'Craft Spells');

-- Weather
INSERT INTO CD (Title, `Year`, `Location`) VALUES ('Weather', 2019, 'Home CD Library');
SET @current_album = LAST_INSERT_ID();
INSERT INTO CD_Artist VALUES (@current_album, 'Tycho');
INSERT INTO CD_Artist VALUES (@current_album, 'Saint Sinner');
INSERT INTO Track (Title, CD_ID, Length) VALUES ('Easy', @current_album, '00:03:27');
INSERT INTO Track (Title, CD_ID, Length) VALUES ('Pink & Blue', @current_album, '00:04:19');
INSERT INTO Track (Title, CD_ID, Length) VALUES ('Japan', @current_album, '00:03:18');
INSERT INTO Track (Title, CD_ID, Length) VALUES ('Into the Woods', @current_album, '00:04:02');
INSERT INTO Track (Title, CD_ID, Length) VALUES ('Skate', @current_album, '00:03:07');
INSERT INTO Track (Title, CD_ID, Length) VALUES ('For How Long', @current_album, '00:03:00');
INSERT INTO Track (Title, CD_ID, Length) VALUES ('No Stress', @current_album, '00:03:49');
INSERT INTO Track (Title, CD_ID, Length) VALUES ('Weather', @current_album, '00:04:15');
INSERT INTO `File` VALUES ('0xa48cb385e3f8e19bbd074df5812b3ce2', 'Easy', @current_album, 'FLAC', 226870137, '~/home/srichenberg/Music/Tycho/Weather/Easy', False);
INSERT INTO `File` VALUES ('0x817024d2389f37ef9fc19e3966760435', 'Pink & Blue', @current_album, 'FLAC', 249840724, '~/home/srichenberg/Music/Tycho/Weather/Pink & Blue', False);
INSERT INTO `File` VALUES ('0x8d30dd803b2e7ba54b016657ae3050ae', 'Japan', @current_album, 'FLAC', 237652272, '~/home/srichenberg/Music/Tycho/Weather/Japan', False);
INSERT INTO `File` VALUES ('0x8edbca5d475e1126cdb8c107ca6c11e3', 'Into the Woods', @current_album, 'FLAC', 224436124, '~/home/srichenberg/Music/Tycho/Weather/Into the Woods', False);
INSERT INTO `File` VALUES ('0xdd53046f584bf911ef6ab244caafd547', 'Skate', @current_album, 'FLAC', 189054195, '~/home/srichenberg/Music/Tycho/Weather/Skate', False);
INSERT INTO `File` VALUES ('0xb57a0ecca9378abddd74d5f438d616aa', 'For How Long', @current_album, 'FLAC', 167272920, '~/home/srichenberg/Music/Tycho/Weather/For How Long', False);
INSERT INTO `File` VALUES ('0x66bbae0c2c8b4897b2d891586d91c1e5', 'No Stress', @current_album, 'FLAC', 248116920, '~/home/srichenberg/Music/Tycho/Weather/No Stress', False);
INSERT INTO `File` VALUES ('0xaa2307f4d5552f22ad7eb8b5a154fd5b', 'Weather', @current_album, 'FLAC', 231150615, '~/home/srichenberg/Music/Tycho/Weather/Weather', False);
INSERT INTO CD_Personnel VALUES (@current_album, 'Scott Hansen');
INSERT INTO CD_Personnel VALUES (@current_album, 'Saint Sinner');
INSERT INTO CD_Personnel VALUES (@current_album, 'Mikael Eldridge');
INSERT INTO CD_Personnel VALUES (@current_album, 'Count');
INSERT INTO CD_Personnel VALUES (@current_album, 'Zac Brown');
INSERT INTO CD_Personnel VALUES (@current_album, 'Tycho');

-- Epoch
INSERT INTO CD (Title, `Year`, `Location`) VALUES ('Epoch', 2017, 'Home CD Library');
SET @current_album = LAST_INSERT_ID();
INSERT INTO CD_Artist VALUES (@current_album, 'Tycho');
INSERT INTO Track (Title, CD_ID, Length) VALUES ('Glider', @current_album, '00:04:53');
INSERT INTO Track (Title, CD_ID, Length) VALUES ('Horizon', @current_album, '00:04:09');
INSERT INTO Track (Title, CD_ID, Length) VALUES ('Slack', @current_album, '00:04:11');
INSERT INTO Track (Title, CD_ID, Length) VALUES ('Receiver', @current_album, '00:04:15');
INSERT INTO Track (Title, CD_ID, Length) VALUES ('Epoch', @current_album, '00:05:45');
INSERT INTO Track (Title, CD_ID, Length) VALUES ('Division', @current_album, '00:03:58');
INSERT INTO Track (Title, CD_ID, Length) VALUES ('Source', @current_album, '00:04:18');
INSERT INTO Track (Title, CD_ID, Length) VALUES ('Local', @current_album, '00:02:53');
INSERT INTO Track (Title, CD_ID, Length) VALUES ('Rings', @current_album, '00:04:08');
INSERT INTO Track (Title, CD_ID, Length) VALUES ('Continuum', @current_album, '00:01:44');
INSERT INTO Track (Title, CD_ID, Length) VALUES ('Field', @current_album, '00:02:41');
INSERT INTO `File` VALUES ('0x6611748a967df0cd8d80bef7d38cdb74', 'Glider', @current_album, 'FLAC', 331369815, '~/home/srichenberg/Music/Tycho/Epoch/Glider', False);
INSERT INTO `File` VALUES ('0x4f71e271a611ad43cf689636df8005dc', 'Glider', @current_album, 'OGG', 79696000, '/storage/emulated/0/Music/Tycho/Epoch/Glider', True);
INSERT INTO `File` VALUES ('0xb466494f1477059e0ef104f822c72bdb', 'Horizon', @current_album, 'FLAC', 245958465, '~/home/srichenberg/Music/Tycho/Epoch/Horizon', False);
INSERT INTO `File` VALUES ('0x170bb47221b6f76d55c98b65dccea98e', 'Horizon', @current_album, 'OGG', 67728000, '/storage/emulated/0/Music/Tycho/Epoch/Horizon', True);
INSERT INTO `File` VALUES ('0x1b434caf0b980dca31417ccead13d914', 'Slack', @current_album, 'FLAC', 250156640, '~/home/srichenberg/Music/Tycho/Epoch/Slack', False);
INSERT INTO `File` VALUES ('0x2e98b79f69f425719370f3b54bf4c72c', 'Slack', @current_album, 'OGG', 68272000, '/storage/emulated/0/Music/Tycho/Epoch/Slack', True);
INSERT INTO `File` VALUES ('0x9947bafcc0fbf91d6d6081475bae34d4', 'Receiver', @current_album, 'FLAC', 299518410, '~/home/srichenberg/Music/Tycho/Epoch/Receiver', False);
INSERT INTO `File` VALUES ('0xe7f89d61f526da7a0c4e41195c41b3eb', 'Receiver', @current_album, 'OGG', 69360000, '/storage/emulated/0/Music/Tycho/Epoch/Receiver', True);
INSERT INTO `File` VALUES ('0x4c6eeae109e284dd457ab34fc74e819e', 'Epoch', @current_album, 'FLAC', 307664445, '~/home/srichenberg/Music/Tycho/Epoch/Epoch', False);
INSERT INTO `File` VALUES ('0xf7e6dc84ae8d549db198d627bdc2024b', 'Epoch', @current_album, 'OGG', 93840000, '/storage/emulated/0/Music/Tycho/Epoch/Epoch', True);
INSERT INTO `File` VALUES ('0x5ad0b479e675c2c253e8d51eff492d6a', 'Division', @current_album, 'FLAC', 220313744, '~/home/srichenberg/Music/Tycho/Epoch/Division', False);
INSERT INTO `File` VALUES ('0xa5a15435ec9dcc8a255cf512383346f2', 'Division', @current_album, 'OGG', 64736000, '/storage/emulated/0/Music/Tycho/Epoch/Division', True);
INSERT INTO `File` VALUES ('0xf2fb93bd961ecce329db09f504d806b0', 'Source', @current_album, 'FLAC', 308931264, '~/home/srichenberg/Music/Tycho/Epoch/Source', False);
INSERT INTO `File` VALUES ('0x71a998497d9a48d88ba3ef915a3b371c', 'Source', @current_album, 'OGG', 70176000, '/storage/emulated/0/Music/Tycho/Epoch/Source', True);
INSERT INTO `File` VALUES ('0xa9e756abd5ed25cb0ea8e34c059fc8bb', 'Local', @current_album, 'FLAC', 173220056, '~/home/srichenberg/Music/Tycho/Epoch/Local', False);
INSERT INTO `File` VALUES ('0x759c99de926e28610c41f6cb1c0c91d3', 'Local', @current_album, 'OGG', 47056000, '/storage/emulated/0/Music/Tycho/Epoch/Local', True);
INSERT INTO `File` VALUES ('0x4086a767ef4daa9cfbbb7822e8311eb4', 'Rings', @current_album, 'FLAC', 294015160, '~/home/srichenberg/Music/Tycho/Epoch/Rings', False);
INSERT INTO `File` VALUES ('0x87d178b84e6e4900f4cf2c138c4fdd46', 'Rings', @current_album, 'OGG', 67456000, '/storage/emulated/0/Music/Tycho/Epoch/Rings', True);
INSERT INTO `File` VALUES ('0x85f4f5c26118788135c6d96b87c29580', 'Continuum', @current_album, 'FLAC', 103161032, '~/home/srichenberg/Music/Tycho/Epoch/Continuum', False);
INSERT INTO `File` VALUES ('0x4db8f1ea625493a30237a97e6e579317', 'Continuum', @current_album, 'OGG', 28288000, '/storage/emulated/0/Music/Tycho/Epoch/Continuum', True);
INSERT INTO `File` VALUES ('0x83eda4436be20308d59096e4bac0f3a8', 'Field', @current_album, 'FLAC', 196404544, '~/home/srichenberg/Music/Tycho/Epoch/Field', False);
INSERT INTO `File` VALUES ('0x3dc7cbda6010904a5eadc50718231603', 'Field', @current_album, 'OGG', 43792000, '/storage/emulated/0/Music/Tycho/Epoch/Field', True);
INSERT INTO CD_Personnel VALUES (@current_album, "Rory O'Connor");
INSERT INTO CD_Personnel VALUES (@current_album, 'Anthony Gallo');
INSERT INTO CD_Personnel VALUES (@current_album, 'Scott Hansen');
INSERT INTO CD_Personnel VALUES (@current_album, 'Count');
INSERT INTO CD_Personnel VALUES (@current_album, 'Zac Brown');
INSERT INTO CD_Personnel VALUES (@current_album, 'Peter Franco');
INSERT INTO CD_Personnel VALUES (@current_album, 'Tycho');

-- The engineer who implemented this database may have forgotten about file
-- extensions in the Path strings while generating the code for his or her table
-- inserts....
UPDATE `File` SET Path=CONCAT(Path, '.', `Format`);
